draft_year,player_id,player_name,pos_abbr,school,pick,overall,round,traded,trade_note,team,team_abbr,guid,weight,height,pos_rk,ovr_rk,grade
1967,23592,Steve Spurrier,QB,Florida,3.0,3.0,1.0,False,from Atlanta,San Francisco 49ers,SF,,,,,,
1967,23593,Bob Griese,QB,Purdue,4.0,4.0,1.0,False,,Miami Dolphins,MIA,,,,,,
1967,23614,Don Horn,QB,San Diego State,25.0,25.0,1.0,False,,Green Bay Packers,GB,,,,,,
1967,23616,Bo Burris,QB,Houston,1.0,27.0,2.0,False,,New Orleans Saints,NO,,,,,,
1967,23619,Bob Davis,QB,Virginia,4.0,30.0,2.0,False,,Houston Oilers,TEN,,,,,,
1967,23654,Vidal Carlin,QB,North Texas,16.0,69.0,3.0,False,,St. Louis Cardinals,ARI,,,,,,
1967,12375,Terry Southall,QB,Baylor,4.0,137.0,6.0,False,from Atlanta,Baltimore Colts,IND,,,,,,
1967,23681,Tim Jones,QB,Weber State,8.0,141.0,6.0,False,,Detroit Lions,DET,,,,,,
1967,12379,Virgil Carter,QB,BYU,9.0,142.0,6.0,False,from Atlanta through Pittsburgh,Chicago Bears,CHI,,,,,,
1967,12389,Rick Egloff,QB,Wyoming,22.0,155.0,6.0,False,from Buffalo,Oakland Raiders,OAK,,,,,,
1967,12395,Corey Colehour,QB,North Dakota,3.0,162.0,7.0,False,,Atlanta Falcons,ATL,,,,,,
1967,12401,Bruce Matte,QB,Miami (OH),9.0,168.0,7.0,False,from Pittsburgh,Washington Redskins,WSH,,,,,,
1968,12637,Greg Landry,QB,Massachusetts,11.0,11.0,1.0,False,,Detroit Lions,DET,,,,,,
1968,12656,Gary Beban,QB,UCLA,3.0,30.0,2.0,False,from New Orleans,Los Angeles Rams,LAR,,,,,,
1968,12674,Mike Livingston,QB,SMU,21.0,48.0,2.0,False,,Kansas City Chiefs,KC,,,,,,
1968,12678,Ken Stabler,QB,Alabama,25.0,52.0,2.0,False,,Oakland Raiders,OAK,,,,,,
1968,12682,Gary Davis,QB,Vanderbilt,1.0,56.0,3.0,False,,Cincinnati Bengals,CIN,,,,,,
1968,12693,Billy Stevens,QB,UTEP,12.0,67.0,3.0,False,from St. Louis,Green Bay Packers,GB,,,,,,
1968,12740,Ronnie South,QB,Arkansas,4.0,115.0,5.0,False,,New Orleans Saints,NO,,,,,,
1968,12768,Kim Hammond,QB,Florida State,4.0,142.0,6.0,False,from Denver,Miami Dolphins,MIA,,,,,,
1968,12781,Dewey Warren,QB,Tennessee,17.0,155.0,6.0,False,from San Diego,Cincinnati Bengals,CIN,,,,,,
1968,12796,John Schneider,QB,Toledo,5.0,170.0,7.0,False,,Boston Patriots,NE,,,,,,
1969,13093,Greg Cook,QB,Cincinnati,5.0,5.0,1.0,False,,Cincinnati Bengals,CIN,,,,,,
1969,13097,Marty Domres,QB,Columbia,9.0,9.0,1.0,False,from Denver,San Diego Chargers,SD,,,,,,
1969,13118,Terry Hanratty,QB,Notre Dame,4.0,30.0,2.0,False,,Pittsburgh Steelers,PIT,,,,,,
1969,13129,Bobby Douglass,QB,Kansas,15.0,41.0,2.0,False,,Chicago Bears,CHI,,,,,,
1969,13140,Al Woodall,QB,Duke,26.0,52.0,2.0,False,,New York Jets,NYJ,,,,,,
1969,13198,Onree Jackson,QB,Alabama A&M,6.0,110.0,5.0,False,,Boston Patriots,NE,,,,,,
1970,13531,Terry Bradshaw,QB,Louisiana Tech,1.0,1.0,1.0,False,,Pittsburgh Steelers,PIT,,,,,,
1970,13533,Mike Phipps,QB,Purdue,3.0,3.0,1.0,False,from Miami,Cleveland Browns,CLE,,,,,,
1970,13560,Dennis Shaw,QB,San Diego State,4.0,30.0,2.0,False,,Buffalo Bills,BUF,,,,,,
1970,13581,Bill Cappleman,QB,Florida State,25.0,51.0,2.0,False,,Minnesota Vikings,MIN,,,,,,
1970,13656,Steve Ramsey,QB,North Texas,22.0,126.0,5.0,False,from Los Angeles,New Orleans Saints,NO,,,,,,
1970,13660,Bob Cutburth,QB,Oklahoma State,1.0,131.0,6.0,False,,Chicago Bears,CHI,,,,,,
1970,13668,Rusty Clark,QB,Houston,9.0,139.0,6.0,False,,San Francisco 49ers,SF,,,,,,
1970,13680,Mike Cilek,QB,Iowa,21.0,151.0,6.0,False,,Cleveland Browns,CLE,,,,,,
1970,13703,Gordon Slade,QB,Davidson,18.0,174.0,7.0,False,,Baltimore Colts,IND,,,,,,
1971,13971,Jim Plunkett,QB,Stanford,1.0,1.0,1.0,False,,New England Patriots,NE,,,,,,
1971,13972,Archie Manning,QB,Ole Miss,2.0,2.0,1.0,False,,New Orleans Saints,NO,,,,,,
1971,13973,Dan Pastorini,QB,Santa Clara,3.0,3.0,1.0,False,,Houston Oilers,TEN,,,,,,
1971,14026,Lynn Dickey,QB,Kansas State,4.0,56.0,3.0,False,,Houston Oilers,TEN,,,,,,
1971,14029,Leo Hart,QB,Duke,7.0,59.0,3.0,False,,Atlanta Falcons,ATL,,,,,,
1971,14037,Ken Anderson,QB,Augustana (IL),15.0,67.0,3.0,False,,Cincinnati Bengals,CIN,,,,,,
1971,14048,Karl Douglas,QB,Texas A&M-Kingsville,26.0,78.0,3.0,False,,Baltimore Colts,IND,,,,,,
1971,14069,Joe Theismann,QB,Notre Dame,21.0,99.0,4.0,False,,Miami Dolphins,MIA,,,,,,
1971,14110,Scott Hunter,QB,Alabama,10.0,140.0,6.0,False,,Green Bay Packers,GB,,,,,,
1971,14120,Frank Harris,QB,Boston College,20.0,150.0,6.0,False,from Los Angeles through Philadelphia,Detroit Lions,DET,,,,,,
1971,14137,Buddy Lee,QB,LSU,11.0,167.0,7.0,False,,Chicago Bears,CHI,,,,,,
1972,14423,Jerry Tagge,QB,Nebraska,11.0,11.0,1.0,False,from San Diego,Green Bay Packers,GB,,,,,,
1972,14426,John Reaves,QB,Florida,14.0,14.0,1.0,False,,Philadelphia Eagles,PHI,,,,,,
1972,14452,Pat Sullivan,QB,Auburn,14.0,40.0,2.0,False,from Philadelphia through Detroit,Atlanta Falcons,ATL,,,,,,
1972,14579,Jim Fassel,QB,Long Beach State,11.0,167.0,7.0,False,,Chicago Bears,CHI,,,,,,
1972,14591,Dean Carlson,QB,Iowa State,23.0,179.0,7.0,False,,Kansas City Chiefs,KC,,,,,,
1973,14856,Bert Jones,QB,LSU,2.0,2.0,1.0,False,from New Orleans,Baltimore Colts,IND,,,,,,
1973,14887,Gary Huff,QB,Florida State,7.0,33.0,2.0,False,,Chicago Bears,CHI,,,,,,
1973,14891,Ron Jaworski,QB,Youngstown State,11.0,37.0,2.0,False,,Los Angeles Rams,LAR,,,,,,
1973,14899,Gary Keithley,QB,UTEP,19.0,45.0,2.0,False,from San Francisco,St. Louis Cardinals,ARI,,,,,,
1973,14911,Joe Ferguson,QB,Arkansas,5.0,57.0,3.0,False,,Buffalo Bills,BUF,,,,,,
1973,14918,Dan Fouts,QB,Oregon,12.0,64.0,3.0,False,from Atlanta through Oakland,San Diego Chargers,SD,,,,,,
1973,14934,Mike Wells,QB,Illinois,2.0,80.0,4.0,False,from Philadelphia,Minnesota Vikings,MIN,,,,,,
1973,14954,Randy Mattingly,QB,Evansville,22.0,100.0,4.0,False,,Cleveland Browns,CLE,,,,,,
1973,14965,Don Strock,QB,Virginia Tech,7.0,111.0,5.0,False,from Buffalo,Miami Dolphins,MIA,,,,,,
1974,15349,Danny White,QB,Arizona State,1.0,53.0,3.0,False,from Houston,Dallas Cowboys,DAL,,,,,,
1974,15362,David Jaynes,QB,Kansas,14.0,66.0,3.0,False,,Kansas City Chiefs,KC,,,,,,
1974,15365,Kim McQuilken,QB,Lehigh,17.0,69.0,3.0,False,,Atlanta Falcons,ATL,,,,,,
1974,15366,Gary Marangi,QB,Boston College,18.0,70.0,3.0,False,,Buffalo Bills,BUF,,,,,,
1974,15376,Carl Summerell,QB,East Carolina,2.0,80.0,4.0,False,,New York Giants,NYG,,,,,,
1974,15383,Mike Boryla,QB,Stanford,9.0,87.0,4.0,False,from New England,Cincinnati Bengals,CIN,,,,,,
1974,15395,Norris Weese,QB,Ole Miss,21.0,99.0,4.0,False,from Washington,Los Angeles Rams,LAR,,,,,,
1974,15429,Jesse Freitas,QB,San Diego State,3.0,133.0,6.0,False,,San Diego Chargers,SD,,,,,,
1975,15739,Steve Bartkowski,QB,California,1.0,1.0,1.0,False,from Baltimore,Atlanta Falcons,ATL,,,,,,
1975,15792,Mike Franckowiak,QB,Central Michigan,2.0,54.0,3.0,False,from N.Y. Giants,Denver Broncos,DEN,,,,,,
1975,15802,Gary Sheide,QB,BYU,12.0,64.0,3.0,False,,Cincinnati Bengals,CIN,,,,,,
1975,15854,Steve Grogan,QB,Kansas State,12.0,116.0,5.0,False,,New England Patriots,NE,,,,,,
1975,15866,Dave Humm,QB,Nebraska,24.0,128.0,5.0,False,,Oakland Raiders,OAK,,,,,,
1975,15873,Bob Avellini,QB,Maryland,5.0,135.0,6.0,False,,Chicago Bears,CHI,,,,,,
1975,15880,Tom Shuman,QB,Penn State,12.0,142.0,6.0,False,from Philadelphia,Cincinnati Bengals,CIN,,,,,,
1975,15898,Steve Joachim,QB,Temple,4.0,160.0,7.0,False,from Chicago,Baltimore Colts,IND,,,,,,
1975,15914,Pat Haden,QB,USC,20.0,176.0,7.0,False,,Los Angeles Rams,LAR,,,,,,
1976,16187,Richard Todd,QB,Alabama,6.0,6.0,1.0,False,,New York Jets,NYJ,,,,,,
1976,16228,Mike Kruczek,QB,Boston College,19.0,47.0,2.0,False,from Baltimore,Pittsburgh Steelers,PIT,,,,,,
1976,16231,Jeb Blount,QB,Tulsa,22.0,50.0,2.0,False,,Oakland Raiders,OAK,,,,,,
1976,16274,Steve Myer,QB,New Mexico,1.0,93.0,4.0,False,,Seattle Seahawks,SEA,,,,,,
1976,16278,Gene Swick,QB,Toledo,5.0,97.0,4.0,False,from New England through Philadelphia,Cleveland Browns,CLE,,,,,,
1976,16288,Craig Penrose,QB,San Diego State,15.0,107.0,4.0,False,,Denver Broncos,DEN,,,,,,
1976,16324,Mike Kirkland,QB,Arkansas,19.0,143.0,5.0,False,,Baltimore Colts,IND,,,,,,
1976,16358,Scott Bull,QB,Arkansas,21.0,177.0,6.0,False,from St. Louis,San Francisco 49ers,SF,,,,,,
1976,16364,Parnell Dickinson,QB,Mississippi Valley State,1.0,183.0,7.0,False,,Tampa Bay Buccaneers,TB,,,,,,
1976,16368,Bob Bateman,QB,Brown,5.0,187.0,7.0,False,from New England,Cincinnati Bengals,CIN,,,,,,
1977,16686,Steve Pisarkiewicz,QB,Missouri,19.0,19.0,1.0,False,from Washington,St. Louis Cardinals,ARI,,,,,,
1977,16694,Tommy Kramer,QB,Rice,27.0,27.0,1.0,False,,Minnesota Vikings,MIN,,,,,,
1977,16721,Glenn Carano,QB,UNLV,26.0,54.0,2.0,False,,Dallas Cowboys,DAL,,,,,,
1977,16758,Vince Ferragamo,QB,Nebraska,7.0,91.0,4.0,False,from New Orleans,Los Angeles Rams,LAR,,,,,,
1977,16782,Fred Besana,QB,California,3.0,115.0,5.0,False,,Buffalo Bills,BUF,,,,,,
1977,16784,Randy Dean,QB,Northwestern,5.0,117.0,5.0,False,,New York Giants,NYG,,,,,,
1977,16788,Cliff Stoudt,QB,Youngstown State,9.0,121.0,5.0,False,from Kansas City,Pittsburgh Steelers,PIT,,,,,,
1977,16795,Cliff Olander,QB,New Mexico State,16.0,128.0,5.0,False,from Cleveland,San Diego Chargers,SD,,,,,,
1977,16807,Vince Evans,QB,USC,1.0,140.0,6.0,False,from Tampa Bay,Chicago Bears,CHI,,,,,,
1977,16827,Tommy Duniven,QB,Texas Tech,21.0,160.0,6.0,False,,Cincinnati Bengals,CIN,,,,,,
1978,17019,Doug Williams,QB,Grambling State,17.0,17.0,1.0,False,from Houston,Tampa Bay Buccaneers,TB,6c757552cb8bd58b39bf884302a5b232,,,,,
1978,17052,Matt Cavanaugh,QB,Pittsburgh,22.0,50.0,2.0,False,,New England Patriots,NE,,,,,,
1978,17053,Guy Benjamin,QB,Stanford,23.0,51.0,2.0,False,,Miami Dolphins,MIA,,,,,,
1978,17070,Mark Miller,QB,Bowling Green,12.0,68.0,3.0,False,,Cleveland Browns,CLE,,,,,,
1978,17075,Gifford Nielsen,QB,BYU,17.0,73.0,3.0,False,,Houston Oilers,TEN,,,,,,
1978,17106,Pete Woods,QB,Missouri,20.0,104.0,4.0,False,from Chicago,Kansas City Chiefs,KC,,,,,,
1978,17107,Mark Manges,QB,Maryland,21.0,105.0,4.0,False,,Los Angeles Rams,LAR,,,,,,
1978,17133,Rob Hertel,QB,USC,21.0,131.0,5.0,False,from Chicago,Cincinnati Bengals,CIN,,,,,,
1978,17144,Mike Rieker,QB,Lehigh,4.0,142.0,6.0,False,,New Orleans Saints,NO,,,,,,
1979,17339,Jack Thompson,QB,Washington State,3.0,3.0,1.0,False,,Cincinnati Bengals,CIN,0560338d145e5e9d6b1d2fe35cbde68c,,,,,
1979,17343,Phil Simms,QB,Morehead State,7.0,7.0,1.0,False,,New York Giants,NYG,,,,,,
1979,17359,Steve Fuller,QB,Clemson,23.0,23.0,1.0,False,from Houston,Kansas City Chiefs,KC,,,,,,
1979,17418,Joe Montana,QB,Notre Dame,26.0,82.0,3.0,False,from Dallas through Seattle,San Francisco 49ers,SF,,,,,,
1979,17433,Steve Dils,QB,Stanford,15.0,97.0,4.0,False,,Minnesota Vikings,MIN,,,,,,
1979,17452,Dan Manucci,QB,Kansas State,6.0,116.0,5.0,False,from Tampa Bay through Seattle,Buffalo Bills,BUF,,,,,,
1979,17468,Rick Leach,QB,Michigan,22.0,132.0,5.0,False,,Denver Broncos,DEN,,,,,,
1979,17469,Chuck Fusina,QB,Penn State,23.0,133.0,5.0,False,from Houston,Tampa Bay Buccaneers,TB,,,,,,
1979,17490,Mike Moroski,QB,UC Davis,17.0,154.0,6.0,False,,Atlanta Falcons,ATL,,,,,,
1980,17681,Marc Wilson,QB,BYU,15.0,15.0,1.0,False,,Oakland Raiders,OAK,,,,,,
1980,17694,Mark Malone,QB,Arizona State,28.0,28.0,1.0,False,,Pittsburgh Steelers,PIT,,,,,,
1980,17703,Gene Bradley,QB,Arkansas State,9.0,37.0,2.0,False,,Buffalo Bills,BUF,,,,,,
1980,17751,Eric Hipple,QB,Utah State,2.0,85.0,4.0,False,,Detroit Lions,DET,,,,,,
1980,17755,Rusty Lisch,QB,Notre Dame,6.0,89.0,4.0,False,,St. Louis Cardinals,ARI,,,,,,
1980,17767,Ed Luther,QB,San Jose State,18.0,101.0,4.0,False,from Tampa Bay,San Diego Chargers,SD,,,,,,
1980,17775,Paul McDonald,QB,USC,26.0,109.0,4.0,False,from Los Angeles,Cleveland Browns,CLE,,,,,,
1980,17776,Bill Hurley,QB,Syracuse,27.0,110.0,4.0,False,,Pittsburgh Steelers,PIT,,,,,,
1980,17799,Gary Hogeboom,QB,Central Michigan,23.0,133.0,5.0,False,,Dallas Cowboys,DAL,,,,,,
1980,17811,Scott Brunner,QB,Delaware,7.0,145.0,6.0,False,,New York Giants,NYG,,,,,,
1980,17848,Craig Bradshaw,QB,Utah State,17.0,182.0,7.0,False,from Oakland,Houston Oilers,TEN,,,,,,
1981,18005,Rich Campbell,QB,California,6.0,6.0,1.0,False,,Green Bay Packers,GB,,,,,,
1981,18032,Neil Lomax,QB,Portland State,5.0,33.0,2.0,False,,St. Louis Cardinals,ARI,,,,,,
1981,18089,Tom Flick,QB,Washington,7.0,90.0,4.0,False,from Green Bay,Washington Redskins,WSH,,,,,,
1981,18095,Brad Wright,QB,New Mexico,13.0,96.0,4.0,False,,Miami Dolphins,MIA,,,,,,
1981,18097,Mark Herrmann,QB,Purdue,15.0,98.0,4.0,False,,Denver Broncos,DEN,,,,,,
1982,18335,Art Schlichter,QB,Ohio State,4.0,4.0,1.0,False,from Los Angeles,Baltimore Colts,IND,,,,,,
1982,18336,Jim McMahon,QB,BYU,5.0,5.0,1.0,False,,Chicago Bears,CHI,,,,,,
1982,18375,Oliver Luck,QB,West Virginia,17.0,44.0,2.0,False,from Tampa Bay through Miami and Los Angeles,Houston Oilers,TEN,,,,,,
1982,18379,Matt Kofler,QB,San Diego State,21.0,48.0,2.0,False,,Buffalo Bills,BUF,,,,,,
1982,18415,Mike Pagel,QB,Arizona State,1.0,84.0,4.0,False,,Baltimore Colts,IND,,,,,,
1982,18480,Mike Kelley,QB,Georgia Tech,10.0,149.0,6.0,False,,Atlanta Falcons,ATL,,,,,,
1982,18485,Mike Machurek,QB,Idaho State,15.0,154.0,6.0,False,,Detroit Lions,DET,,,,,,
1983,18666,John Elway,QB,Stanford,1.0,1.0,1.0,False,,Baltimore Colts,IND,,,,,,
1983,18672,Todd Blackledge,QB,Penn State,7.0,7.0,1.0,False,,Kansas City Chiefs,KC,,,,,,
1983,18679,Jim Kelly,QB,Miami (FL),14.0,14.0,1.0,False,from Cleveland,Buffalo Bills,BUF,,,,,,
1983,18680,Tony Eason,QB,Illinois,15.0,15.0,1.0,False,,New England Patriots,NE,,,,,,
1983,18689,Ken O'Brien,QB,UC Davis,24.0,24.0,1.0,False,,New York Jets,NYJ,,,,,,
1983,18692,Dan Marino,QB,Pittsburgh,27.0,27.0,1.0,False,,Miami Dolphins,MIA,,,,,,
1983,18802,Jeff Christensen,QB,Eastern Illinois,25.0,137.0,5.0,False,,Cincinnati Bengals,CIN,,,,,,
1983,18827,Reggie Collier,QB,Southern Miss,22.0,162.0,6.0,False,,Dallas Cowboys,DAL,,,,,,
1983,18833,Babe Laufenberg,QB,Indiana,28.0,168.0,6.0,False,,Washington Redskins,WSH,,,,,,
1984,19038,Boomer Esiason,QB,Maryland,10.0,38.0,2.0,False,,Cincinnati Bengals,CIN,,,,,,
1984,19059,Jeff Hostetler,QB,West Virginia,3.0,59.0,3.0,False,,New York Giants,NYG,,,,,,
1984,19080,Rick McIvor,QB,Texas,24.0,80.0,3.0,False,from San Francisco,St. Louis Cardinals,ARI,,,,,,
1984,19083,Jay Schroeder,QB,UCLA,27.0,83.0,3.0,False,,Washington Redskins,WSH,,,,,,
1984,19113,Steve Pelluer,QB,Washington,1.0,113.0,5.0,False,from Tampa Bay,Dallas Cowboys,DAL,,,,,,
1984,19138,Dean May,QB,Louisville,26.0,138.0,5.0,False,,Miami Dolphins,MIA,,,,,,
1984,19148,Ben Bennett,QB,Duke,8.0,148.0,6.0,False,,Atlanta Falcons,ATL,,,,,,
1984,19153,Randy Wright,QB,Wisconsin,13.0,153.0,6.0,False,,Green Bay Packers,GB,,,,,,
1984,19158,Terry Nugent,QB,Colorado State,18.0,158.0,6.0,False,,Cleveland Browns,CLE,,,,,,
1984,19160,John Witkowski,QB,Columbia,20.0,160.0,6.0,False,,Detroit Lions,DET,,,,,,
1984,19191,Scott Campbell,QB,Purdue,23.0,191.0,7.0,False,,Pittsburgh Steelers,PIT,,,,,,
1985,19373,Randall Cunningham,QB,UNLV,9.0,37.0,2.0,False,,Philadelphia Eagles,PHI,,,,,,
1985,19393,Frank Reich,QB,Maryland,1.0,57.0,3.0,False,,Buffalo Bills,BUF,,,,,,
1985,19478,Steve Bono,QB,UCLA,2.0,142.0,6.0,False,,Minnesota Vikings,MIN,,,,,,
1985,19479,Rusty Hilger,QB,Oklahoma State,3.0,143.0,6.0,False,from Houston,Los Angeles Raiders,LV,,,,,,
1985,19504,Scott Barry,QB,UC Davis,28.0,168.0,6.0,False,,San Francisco 49ers,SF,,,,,,
1986,19675,Jim Everett,QB,Purdue,3.0,3.0,1.0,False,,Houston Oilers,HOU,,,,,,
1986,19684,Chuck Long,QB,Iowa,12.0,12.0,1.0,False,,Detroit Lions,DET,,,,,,
1986,19719,Jack Trudeau,QB,Illinois,20.0,47.0,2.0,False,from Dallas,Indianapolis Colts,IND,,,,,,
1986,19739,Bubby Brister,QB,Louisiana-Monroe,12.0,67.0,3.0,False,,Pittsburgh Steelers,PIT,,,,,,
1986,19743,Hugh Millen,QB,Washington,16.0,71.0,3.0,False,from Detroit through San Francisco,Los Angeles Rams,LOS,,,,,,
1986,19744,Robbie Bosco,QB,BYU,17.0,72.0,3.0,False,,Green Bay Packers,GB,,,,,,
1986,19771,Doug Gaynor,QB,Long Beach State,17.0,99.0,4.0,False,from Seattle,Cincinnati Bengals,CIN,,,,,,
1986,19818,Mark Rypien,QB,Washington State,8.0,146.0,6.0,False,from Kansas City,Washington Redskins,WSH,,,,,,
1986,19822,Stan Gelbaugh,QB,Maryland,12.0,150.0,6.0,False,from Detroit,Dallas Cowboys,DAL,,,,,,
1986,19846,Mike Norseth,QB,Kansas,8.0,174.0,7.0,False,from Kansas City,Cleveland Browns,CLE,,,,,,
1987,20006,Vinny Testaverde,QB,Miami (FL),1.0,1.0,1.0,False,,Tampa Bay Buccaneers,TB,,,,,,
1987,20011,Kelly Stouffer,QB,Colorado State,6.0,6.0,1.0,False,,St. Louis Cardinals,STL,,,,,,
1987,20018,Chris Miller,QB,Oregon,13.0,13.0,1.0,False,,Atlanta Falcons,ATL,,,,,,
1987,20031,Jim Harbaugh,QB,Michigan,26.0,26.0,1.0,False,,Chicago Bears,CHI,,,,,,
1987,20069,Cody Carlson,QB,Baylor,8.0,64.0,3.0,False,,Houston Oilers,HOU,,,,,,
1987,20093,Mark Vlasic,QB,Iowa,4.0,88.0,4.0,False,,San Diego Chargers,SD,,,,,,
1987,20103,Rich Gannon,QB,Delaware,14.0,98.0,4.0,False,from L.A. Raiders,New England Patriots,NE,,,,,,
1987,20104,Troy Stradford,QB,Boston College,15.0,99.0,4.0,False,,Miami Dolphins,MIA,,,,,,
1987,20115,Steve Beuerlein,QB,Notre Dame,26.0,110.0,4.0,False,from Chicago,Los Angeles Raiders,LOS,,,,,,
1987,20185,Kevin Sweeney,QB,Fresno State,12.0,180.0,7.0,False,,Dallas Cowboys,DAL,,,,,,
1987,20191,Doug Hudson,QB,Nicholls State,18.0,186.0,7.0,False,Philadelphia from L.A. Rams ,Kansas City Chiefs,KC,,,,,,
1989,20674,Troy Aikman,QB,UCLA,1.0,1.0,1.0,False,,Dallas Cowboys,DAL,,,,,,
1989,20705,Mike Elkins,QB,Wake Forest,4.0,32.0,2.0,False,,Kansas City Chiefs,KC,,,,,,
1989,20724,Billy Joe Tolliver,QB,Texas Tech,23.0,51.0,2.0,False,from N.Y. Giants,San Diego Chargers,SD,,,,,,
1989,20747,Anthony Dilweg,QB,Duke,18.0,74.0,3.0,False,from Cleveland,Green Bay Packers,GB,,,,,,
1989,20756,Erik Wilhelm,QB,Oregon State,27.0,83.0,3.0,False,,Cincinnati Bengals,CIN,,,,,,
1989,20760,Jeff Graham,QB,Long Beach State,3.0,87.0,4.0,False,,Green Bay Packers,GB,,,,,,
1989,20775,Jeff Carlson,QB,Weber State,18.0,102.0,4.0,False,,Los Angeles Rams,LOS,,,,,,
1989,20813,Jeff Francis,QB,Tennessee,1.0,140.0,6.0,False,from Dallas,Los Angeles Raiders,LOS,,,,,,
1989,20814,Rodney Peete,QB,USC,2.0,141.0,6.0,False,,Detroit Lions,DET,,,,,,
1989,20865,Brent Snyder,QB,Utah State,25.0,192.0,7.0,False,,Chicago Bears,CHI,,,,,,
1989,20868,Terrence Jones,QB,Tulane,28.0,195.0,7.0,False,from San Francisco,San Diego Chargers,SD,,,,,,
1990,770,Jeff George,QB,Illinois,1.0,1.0,1.0,False,from Atlanta,Indianapolis Colts,IND,,,,,,
1990,4660,Andre Ware,QB,Houston,7.0,7.0,1.0,False,,Detroit Lions,DET,,,,,,
1990,21042,Tommy Hodson,QB,LSU,6.0,59.0,3.0,False,,New England Patriots,NE,,,,,,
1990,21046,Peter Tom Willis,QB,Florida State,10.0,63.0,3.0,False,from L.A. Raiders,Chicago Bears,CHI,,,,,,
1990,21053,Neil O'Donnell,QB,Maryland,17.0,70.0,3.0,False,,Pittsburgh Steelers,PIT,,,,,,
1990,21067,Troy Taylor,QB,California,3.0,84.0,4.0,False,,New York Jets,NYJ,,,,,,
1990,21069,Cary Conklin,QB,Washington,5.0,86.0,4.0,False,from New England,Washington Redskins,WSH,,,,,,
1990,21076,Scott Mitchell,QB,Utah,12.0,93.0,4.0,False,,Miami Dolphins,MIA,,,,,,
1990,21118,Craig Kupp,QB,Pacific Lutheran,26.0,135.0,5.0,False,,New York Giants,NYG,,,,,,
1990,21121,John Friesz,QB,Idaho,1.0,138.0,6.0,False,from Dallas,San Diego Chargers,SD,,,,,,
1990,21139,Mike Buck,QB,Maine,19.0,156.0,6.0,False,,New Orleans Saints,NO,,,,,,
1991,782,Dan McGwire,QB,San Diego State,16.0,16.0,1.0,False,,Seattle Seahawks,SEA,,,,,,
1991,4652,Todd Marinovich,QB,USC,24.0,24.0,1.0,False,,Los Angeles Raiders,LOS,,,,,,
1991,21317,Brett Favre,QB,Southern Miss,6.0,33.0,2.0,False,,Atlanta Falcons,ATL,,,,,,
1991,21318,Browning Nagle,QB,Louisville,7.0,34.0,2.0,False,,New York Jets,NYJ,,,,,,
1991,21368,Scott Zolak,QB,Maryland,1.0,84.0,4.0,False,,New England Patriots,NE,,,,,,
1991,21383,Donald Hollas,QB,Rice,16.0,99.0,4.0,False,,Cincinnati Bengals,CIN,,,,,,
1991,21390,Bill Musgrave,QB,Oregon,23.0,106.0,4.0,False,from Kansas City,Dallas Cowboys,DAL,,,,,,
1991,21415,Craig Erickson,QB,Miami (FL),20.0,131.0,5.0,False,,Philadelphia Eagles,PHI,,,,,,
1991,21474,Paul Justin,QB,Arizona State,23.0,190.0,7.0,False,,Chicago Bears,CHI,,,,,,
1992,4608,David Klingler,QB,Houston,6.0,6.0,1.0,False,from San Diego through Washington,Cincinnati Bengals,CIN,,,,,,
1992,4626,Tommy Maddox,QB,UCLA,25.0,25.0,1.0,False,,Denver Broncos,DEN,,,,,,
1992,21631,Matt Blundin,QB,Virginia,12.0,40.0,2.0,False,from Minnesota through Dallas,Kansas City Chiefs,KC,,,,,,
1992,21637,Tony Sacca,QB,Penn State,18.0,46.0,2.0,False,from Atlanta through New England,Phoenix Cardinals,PHO,,,,,,
1992,21677,Craig Erickson,QB,Miami (FL),2.0,86.0,4.0,False,,Tampa Bay Buccaneers,TB,,,,,,
1992,21693,Casey Weldon,QB,Florida State,18.0,102.0,4.0,False,,Philadelphia Eagles,PHI,,,,,,
1992,21698,Will Furrer,QB,Virginia Tech,23.0,107.0,4.0,False,,Chicago Bears,CHI,,,,,,
1992,21703,Chris Hakel,QB,William & Mary,28.0,112.0,4.0,False,,Washington Redskins,WSH,,,,,,
1992,21756,Jeff Blake,QB,East Carolina,26.0,166.0,6.0,False,from Denver,New York Jets,NYJ,,,,,,
1993,766,Drew Bledsoe,QB,Washington State,1.0,1.0,1.0,False,,New England Patriots,NE,,,,,,
1993,780,Rick Mirer,QB,Notre Dame,2.0,2.0,1.0,False,,Seattle Seahawks,SEA,,,,,,
1993,21954,Billy Joe Hobert,QB,Washington,2.0,58.0,3.0,False,from Dallas through San Francisco,Los Angeles Raiders,LOS,,,,,,
1993,22014,Mark Brunell,QB,Washington,6.0,118.0,5.0,False,from Tampa Bay,Green Bay Packers,GB,,,,,,
1993,22088,Gino Torretta,QB,Miami (FL),24.0,192.0,7.0,False,,Minnesota Vikings,MIN,,,,,,
1994,4550,Heath Shuler,QB,Tennessee,3.0,3.0,1.0,False,,Washington Redskins,WSH,,,,,,
1994,4553,Trent Dilfer,QB,Fresno State,6.0,6.0,1.0,False,,Tampa Bay Buccaneers,TB,,,,,,
1994,22201,Perry Klein,QB,LIU-C.W. Post,8.0,111.0,4.0,False,,Atlanta Falcons,ATL,,,,,,
1994,22206,Doug Nussmeier,QB,Idaho,13.0,116.0,4.0,False,,New Orleans Saints,NO,,,,,,
1994,22268,Jim Miller,QB,Michigan State,17.0,178.0,6.0,False,,Pittsburgh Steelers,PIT,,,,,,
1994,22287,Gus Frerotte,QB,Tulsa,3.0,197.0,7.0,False,,Washington Redskins,WSH,,,,,,
1994,22288,Jay Walker,QB,Howard,4.0,198.0,7.0,False,,New England Patriots,NE,,,,,,
1994,22289,Steve Matthews,QB,Memphis,5.0,199.0,7.0,False,from L.A. Rams,Kansas City Chiefs,KC,,,,,,
1994,22298,Glenn Foley,QB,Boston College,14.0,208.0,7.0,False,,New York Jets,NYJ,,,,,,
1995,4518,Steve McNair,QB,Alcorn State,3.0,3.0,1.0,False,,Houston Oilers,HOU,,,,,,
1995,4520,Kerry Collins,QB,Penn State,5.0,5.0,1.0,False,from Cincinnati,Carolina Panthers,CAR,,,,,,
1995,22326,Todd Collins,QB,Michigan,13.0,45.0,2.0,False,,Buffalo Bills,BUF,,,,,,
1995,22341,Kordell Stewart,QB,Colorado,28.0,60.0,2.0,False,,Pittsburgh Steelers,PIT,,,,,,
1995,22361,Stoney Case,QB,New Mexico,16.0,80.0,3.0,False,,Arizona Cardinals,ARI,,,,,,
1995,22365,Eric Zeier,QB,Georgia,20.0,84.0,3.0,False,from Green Bay,Cleveland Browns,CLE,,,,,,
1995,22380,Rob Johnson,QB,USC,1.0,99.0,4.0,False,,Jacksonville Jaguars,JAX,3064b7c8c41eb718b7d28ca4282d15e6,,,,,
1995,22392,Chad May,QB,Kansas State,13.0,111.0,4.0,False,from Denver,Minnesota Vikings,MIN,,,,,,
1995,22400,Dave Barr,QB,California,21.0,119.0,4.0,False,from Kansas City through San Francisco and Cleveland,Philadelphia Eagles,PHI,,,,,,
1995,22415,Steve Stenstrom,QB,Stanford,36.0,134.0,4.0,False,from Jacksonville,Kansas City Chiefs,KC,,,,,,
1995,22440,Jay Barker,QB,Alabama,26.0,160.0,5.0,False,from Cleveland,Green Bay Packers,GB,,,,,,
1995,22471,Jerry Colquitt,QB,Tennessee,20.0,191.0,6.0,False,from Kansas City,Carolina Panthers,CAR,,,,,,
1995,22477,Craig Whelihan,QB,Pacific,26.0,197.0,6.0,False,from Cleveland,San Diego Chargers,SD,,,,,,
1995,22493,John Walsh,QB,BYU,5.0,213.0,7.0,False,,Cincinnati Bengals,CIN,,,,,,
1997,4484,Jim Druckenmiller,QB,Virginia Tech,26.0,26.0,1.0,False,,San Francisco 49ers,SF,,,,,,
1997,22765,Jake Plummer,QB,Arizona State,12.0,42.0,2.0,False,,Arizona Cardinals,ARI,,,,,,
1997,22822,Danny Wuerffel,QB,Florida,3.0,99.0,4.0,False,,New Orleans Saints,NO,,,,,,
1997,22833,Pat Barnes,QB,California,14.0,110.0,4.0,False,from Houston,Kansas City Chiefs,KC,,,,,,
1997,22894,Mike Cherry,QB,Murray State,8.0,171.0,6.0,False,,New York Giants,NYG,,,,,,
1997,22914,Chuck Clements,QB,Houston,28.0,191.0,6.0,False,from Denver,New York Jets,NYJ,,,,,,
1997,22927,Tony Graziani,QB,Oregon,3.0,204.0,7.0,False,,Atlanta Falcons,ATL,,,,,,
1997,22930,Koy Detmer,QB,Colorado,6.0,207.0,7.0,False,from St. Louis through N.Y. Jets,Philadelphia Eagles,PHI,,,,,,
1997,22957,Wally Richardson,QB,Penn State,33.0,234.0,7.0,False,,Baltimore Ravens,BAL,,,,,,
1997,22960,Tony Corbin,QB,Sacramento State,36.0,237.0,7.0,False,,San Diego Chargers,SD,,,,,,
1997,22963,Ronnie McAda,QB,Army,39.0,240.0,7.0,False,,Green Bay Packers,GB,,,,,,
1998,761,Peyton Manning,QB,Tennessee,1.0,1.0,1.0,False,,Indianapolis Colts,IND,,,,,,
1998,4434,Ryan Leaf,QB,Washington State,2.0,2.0,1.0,False,from Arizona,San Diego Chargers,SD,,,,,,
1998,22993,Charlie Batch,QB,Eastern Michigan,30.0,60.0,2.0,False,from Green Bay through Miami,Detroit Lions,DET,,,,,,
1998,23019,Jonathan Quinn,QB,Middle Tennessee,25.0,86.0,3.0,False,,Jacksonville Jaguars,JAX,,,,,,
1998,23024,Brian Griese,QB,Michigan,30.0,91.0,3.0,False,,Denver Broncos,DEN,,,,,,
1998,23105,John Dutton,QB,Nevada,19.0,172.0,6.0,False,from Detroit,Miami Dolphins,MIA,,,,,,
1998,23120,Matt Hasselbeck,QB,Boston College,34.0,187.0,6.0,False,,Green Bay Packers,GB,,,,,,
1998,23165,Moses Moreno,QB,Colorado State,43.0,232.0,7.0,False,,Chicago Bears,CHI,,,,,,
1999,4404,Tim Couch,QB,Kentucky,1.0,1.0,1.0,False,,Cleveland Browns,CLE,,,,,,
1999,4405,Donovan McNabb,QB,Syracuse,2.0,2.0,1.0,False,,Philadelphia Eagles,PHI,,,,,,
1999,4406,Akili Smith,QB,Oregon,3.0,3.0,1.0,False,,Cincinnati Bengals,CIN,,,,,,
1999,4414,Daunte Culpepper,QB,UCF,11.0,11.0,1.0,False,from Washington,Minnesota Vikings,MIN,,,,,,
1999,4415,Cade McNown,QB,UCLA,12.0,12.0,1.0,False,from New Orleans through Washington,Chicago Bears,CHI,,,,,,
1999,23193,Shaun King,QB,Tulane,19.0,50.0,2.0,False,,Tampa Bay Buccaneers,TB,,,,,,
1999,23220,Brock Huard,QB,Washington,16.0,77.0,3.0,False,,Seattle Seahawks,SEA,,,,,,
1999,23244,Joe Germaine,QB,Ohio State,6.0,101.0,4.0,False,,St. Louis Rams,STL,,,,,,
1999,23274,Aaron Brooks,QB,Virginia,36.0,131.0,4.0,False,,Green Bay Packers,GB,,,,,,
1999,23294,Kevin Daft,QB,UC Davis,18.0,151.0,5.0,False,,Tennessee Titans,TEN,,,,,,
1999,23370,Michael Bishop,QB,Kansas State,21.0,227.0,7.0,False,,New England Patriots,NE,,,,,,
1999,23382,Chris Greisen,QB,Northwest Missouri State,33.0,239.0,7.0,False,,Arizona Cardinals,ARI,,,,,,
1999,23388,Scott Covington,QB,Miami (FL),39.0,245.0,7.0,False,,Cincinnati Bengals,CIN,,,,,,
2000,800,Chad Pennington,QB,Marshall,18.0,18.0,1.0,False,,New York Jets,NYJ,,,,,,
2000,23399,Giovanni Carmazzi,QB,Hofstra,3.0,65.0,3.0,False,,San Francisco 49ers,SF,,,,,,
2000,23409,Chris Redman,QB,Louisville,13.0,75.0,3.0,False,,Baltimore Ravens,BAL,,,,,,
2000,23497,Tee Martin,QB,Tennessee,34.0,163.0,5.0,False,,Pittsburgh Steelers,PIT,,,,,,
2000,23502,Marc Bulger,QB,West Virginia,2.0,168.0,6.0,False,,New Orleans Saints,NO,,,,,,
2000,23517,Spergon Wynn,QB,Texas State,17.0,183.0,6.0,False,,Cleveland Browns,CLE,,,,,,
2000,23533,Tom Brady,QB,Michigan,33.0,199.0,6.0,False,,New England Patriots,NE,,,,,,
2000,23536,Todd Husak,QB,Stanford,36.0,202.0,6.0,False,,Washington Redskins,WSH,,,,,,
2000,23539,JaJuan Seider,QB,Florida A&M,39.0,205.0,6.0,False,,San Diego Chargers,SD,,,,,,
2000,23546,Tim Rattay,QB,Louisiana Tech,6.0,212.0,7.0,False,from Philadelphia through New England,San Francisco 49ers,SF,,,,,,
2000,23548,Jarious Jackson,QB,Notre Dame,8.0,214.0,7.0,False,,Denver Broncos,DEN,,,,,,
2000,23568,Joe Hamilton,QB,Georgia Tech,28.0,234.0,7.0,False,,Tampa Bay Buccaneers,TB,,,,,,
2001,25,Michael Vick,QB,Virginia Tech,1.0,1.0,1.0,False,from San Diego,Atlanta Falcons,ATL,15296a93f3a8b2ee0de36036e7d03f2e,,,,,
2001,2,Drew Brees,QB,Purdue,1.0,32.0,2.0,False,,San Diego Chargers,SD,a3d4f4473aef111aee5c4909a8e70a7c,,,,,
2001,3,Quincy Carter,QB,Georgia,22.0,53.0,2.0,False,from New Orleans,Dallas Cowboys,DAL,1382a54ab841713e5b33863b60d1d480,,,,,
2001,24,Marques Tuiasosopo,QB,Washington,28.0,59.0,2.0,False,,Oakland Raiders,OAK,f8f3ec35d9b6213ec6df6cd07a4d959a,,,,,
2001,26,Chris Weinke,QB,Florida State,11.0,106.0,4.0,False,,Carolina Panthers,CAR,47c31cf95406592792d24252ac29e48c,,,,,
2001,22,Sage Rosenfels,QB,Iowa State,14.0,109.0,4.0,False,,Washington Redskins,WSH,64b378ea27806edb14cac7f0a43c99b9,,,,,
2001,20,Jesse Palmer,QB,Florida,30.0,125.0,4.0,False,,New York Giants,NYG,ed08e39038281795620b5dd1f4a77f03,,,,,
2001,17,Mike McMahon,QB,Rutgers,18.0,149.0,5.0,False,from N.Y. Jets through New England,Detroit Lions,DET,fb8a3ec09babbd85e1f899c235b01ec0,,,,,
2001,7,A.J. Feeley,QB,Oregon,24.0,155.0,5.0,False,,Philadelphia Eagles,PHI,005c2753db0feb4f6689aecc18dfdec7,,,,,
2001,1,Josh Booty,QB,LSU,9.0,172.0,6.0,False,,Seattle Seahawks,SEA,,,,,,
2001,12,Josh Heupel,QB,Oklahoma,14.0,177.0,6.0,False,from Washington,Miami Dolphins,MIA,405505a30a49e91ff24dde33b9a2f73d,,,,,
2002,4184,David Carr,QB,Fresno State,1.0,1.0,1.0,False,,Houston Texans,HOU,a8189b7b84d72e0be39ddb7b9db3a62b,,,,,
2002,4193,Joey Harrington,QB,Oregon,3.0,3.0,1.0,False,,Detroit Lions,DET,30a1e12845e17c093a3d55bea26dbe09,,,,,
2002,4205,Patrick Ramsey,QB,Tulane,32.0,32.0,1.0,False,from New England,Washington Redskins,WSH,9bc8ae0db3893885febc70db85b0e52b,,,,,
2002,4198,Josh McCown,QB,Sam Houston State,16.0,81.0,3.0,False,,Arizona Cardinals,ARI,ff09408b05b9eab244355703ceef740d,,,,,
2002,4191,David Garrard,QB,East Carolina,10.0,108.0,4.0,False,,Jacksonville Jaguars,JAX,c9c15c74ef2428de90bf2dd9ef260340,,,,,
2002,4188,Rohan Davey,QB,LSU,19.0,117.0,4.0,False,from Denver,New England Patriots,NE,7ccfb5818c2d703041dee9a9f2724942,,,,,
2002,4190,Randy Fasani,QB,Stanford,2.0,137.0,5.0,False,,Carolina Panthers,CAR,2cd9424ef8dec7ea31195798603d78b9,,,,,
2002,4195,Kurt Kittner,QB,Illinois,23.0,158.0,5.0,False,from Oakland,Atlanta Falcons,ATL,88d8a5e28d1d09334e00d1a0f5aeb045,,,,,
2002,4189,Brandon Doman,QB,BYU,28.0,163.0,5.0,False,,San Francisco 49ers,SF,192c1fe2e658df790c628009c6a264e3,,,,,
2002,4200,Craig Nall,QB,Northwestern State,29.0,164.0,5.0,False,,Green Bay Packers,GB,,,,,,
2002,4202,J.T. O'Sullivan,QB,UC Davis,14.0,186.0,6.0,False,,New Orleans Saints,NO,,,,,,
2002,4182,Seth Burford,QB,Cal Poly,5.0,216.0,7.0,False,,San Diego Chargers,SD,,,,,,
2002,4709,Jeff Kelly,QB,Southern Miss,21.0,232.0,7.0,False,,Seattle Seahawks,SEA,,,,,,
2002,4187,Ronald Curry,QB,North Carolina,24.0,235.0,7.0,False,,Oakland Raiders,OAK,,,,,,
2002,4203,Wes Pate,QB,Stephen F. Austin,25.0,236.0,7.0,False,,Baltimore Ravens,BAL,,,,,,
2003,7035,Carson Palmer,QB,USC,1.0,1.0,1.0,False,,Cincinnati Bengals,CIN,596cb538a263af23b239aa28ff7cc346,,,,,
2003,7033,Byron Leftwich,QB,Marshall,7.0,7.0,1.0,False,,Jacksonville Jaguars,JAX,,,,,,
2003,7021,Kyle Boller,QB,California,19.0,19.0,1.0,False,from New England,Baltimore Ravens,BAL,,,,,,
2003,7028,Rex Grossman,QB,Florida,22.0,22.0,1.0,False,from N.Y. Jets,Chicago Bears,CHI,,,,,,
2003,7037,Dave Ragone,QB,Louisville,24.0,88.0,3.0,False,from Atlanta,Houston Texans,HOU,,,,,,
2003,7039,Chris Simms,QB,Texas,33.0,97.0,3.0,False,,Tampa Bay Buccaneers,TB,,,,,,
2003,7043,Seneca Wallace,QB,Iowa State,13.0,110.0,4.0,False,,Seattle Seahawks,SEA,,,,,,
2003,7040,Brian St. Pierre,QB,Boston College,28.0,163.0,5.0,False,,Pittsburgh Steelers,PIT,,,,,,
2003,7250,Drew Henson,QB,Michigan,19.0,192.0,6.0,False,,Houston Texans,HOU,,,,,,
2003,7022,Brooks Bollinger,QB,Wisconsin,27.0,200.0,6.0,False,from Pittsburgh through Kansas City,New York Jets,NYJ,,,,,,
2003,7032,Kliff Kingsbury,QB,Texas Tech,28.0,201.0,6.0,False,from Tennessee,New England Patriots,NE,,,,,,
2003,7029,Gibran Hamdan,QB,Indiana,18.0,232.0,7.0,False,from Miami,Washington Redskins,WSH,,,,,,
2003,7025,Ken Dorsey,QB,Miami,27.0,241.0,7.0,False,,San Francisco 49ers,SF,,,,,,
2004,7841,Eli Manning,QB,Ole Miss,1.0,1.0,1.0,False,,San Diego Chargers,SD,629fd2c16c50e8e3b30799a84fab0d67,221.0,77.0,2.0,5.0,98.0
2004,7842,Philip Rivers,QB,North Carolina State,4.0,4.0,1.0,False,,New York Giants,NYG,,224.0,77.0,3.0,14.0,95.0
2004,7840,Ben Roethlisberger,QB,Miami (OH),11.0,11.0,1.0,False,,Pittsburgh Steelers,PIT,b941dabb40e21086e171df0628618bf3,241.0,77.0,1.0,4.0,99.0
2004,7843,J.P. Losman,QB,Tulane,22.0,22.0,1.0,False,from Dallas,Buffalo Bills,BUF,cf9bb966eb20d58df61882a2d175c489,224.0,74.0,4.0,30.0,89.0
2004,7844,Matt Schaub,QB,Virginia,27.0,90.0,3.0,False,from Indianapolis,Atlanta Falcons,ATL,2a6a50037d36b6bc2a16551a1be8d85f,233.0,78.0,5.0,65.0,80.0
2004,7853,Luke McCown,QB,Louisiana Tech,10.0,106.0,4.0,False,,Cleveland Browns,CLE,86d41d68662bdddb4f1d0a776726401b,208.0,76.0,8.0,157.0,60.0
2004,7859,Craig Krenzel,QB,Ohio State,16.0,148.0,5.0,False,,Chicago Bears,CHI,3b9126737b9b812994cc71db72283e18,228.0,76.0,16.0,269.0,43.0
2004,7867,Andrew Hall,QB,Delaware,20.0,185.0,6.0,False,from Green Bay,Philadelphia Eagles,PHI,,220.0,74.0,30.0,,20.0
2004,7846,Josh Harris,QB,Bowling Green,22.0,187.0,6.0,False,,Baltimore Ravens,BAL,dddb0e7ab1b7a94743c9e08ef04d7d1f,234.0,73.0,6.0,113.0,68.0
2004,7869,Jim Sorgi,QB,Wisconsin,28.0,193.0,6.0,False,,Indianapolis Colts,IND,03aa22786cb3e1d2c555c664c24cbaae,207.0,75.0,25.0,,30.0
2004,7850,Jeff Smoker,QB,Michigan State,36.0,201.0,6.0,False,,St. Louis Rams,STL,da2c7bb627545fb4337a9680d7f05c02,225.0,75.0,11.0,196.0,54.0
2004,7845,John Navarre,QB,Michigan,1.0,202.0,7.0,False,,Arizona Cardinals,ARI,114d945014905a31914c47e1a37da8f8,246.0,78.0,9.0,167.0,59.0
2004,7847,Cody Pickett,QB,Washington,16.0,217.0,7.0,False,,San Francisco 49ers,SF,acb9eee9b51456c0385ad0247f1506e8,230.0,76.0,7.0,125.0,66.0
2004,7858,Casey Bramlet,QB,Wyoming,17.0,218.0,7.0,False,,Cincinnati Bengals,CIN,a96e2a59bf44224aec0a5bb9b760e4ae,225.0,76.0,23.0,,30.0
2004,7848,Matt Mauck,QB,LSU,24.0,225.0,7.0,False,,Denver Broncos,DEN,712db08e36f605f17629bc48e847ca5a,228.0,74.0,12.0,206.0,52.0
2004,7857,B.J. Symons,QB,Texas Tech,47.0,248.0,7.0,False,,Houston Texans,HOU,,210.0,73.0,18.0,312.0,37.0
2004,7851,Bradlee Van Pelt,QB,Colorado State,49.0,250.0,7.0,False,,Denver Broncos,DEN,defb340dd5811caa756eb0b8c50894b8,223.0,74.0,14.0,242.0,47.0
2004,7852,JARED LORENZEN,QB,Kentucky,,,,,,,,f2f3ff0cc8f024b925df2a91713ab8c1,288.0,75.375,10.0,179.0,57.0
2004,7855,ROD RUTHERFORD,QB,Pittsburgh,,,,,,,,cc823da68d19b3a00a04bef06600c2e6,240.0,73.625,13.0,233.0,48.0
2004,7849,RYAN DINWIDDIE,QB,Boise State,,,,,,,,44a1605b70c9613c163a1bbd8c199ee6,192.0,72.5,15.0,254.0,45.0
2004,7854,CASEY CLAUSEN,QB,Tennessee,,,,,,,,7d6d29d89c7cf642ed4ea3978589a70c,223.0,75.5,17.0,297.0,39.0
2004,7856,SCOTT RISLOV,QB,San Jose State,,,,,,,,e9d91a7ad74b797bd751e0fbb5405831,224.0,73.0,19.0,320.0,36.0
2004,7862,JASON FIFE,QB,,,,,,,,,eb23507351e9e5f50a22478992b734d0,226.0,75.875,20.0,337.0,34.0
2004,7861,ROBERT KENT,QB,Jackson State,,,,,,,,8896dec281f47900cb183cead312b4e0,230.0,76.5,21.0,356.0,32.0
2004,7870,ADAM HALL,QB,,,,,,,,,8793cecfb155d70a1623857bbe9fb67c,215.0,74.125,22.0,370.0,31.0
2005,9077,Alex Smith,QB,Utah,1.0,1.0,1.0,False,,San Francisco 49ers,SF,5cb521dc4af2c7598251a369ffaf4c72,217.0,76.0,2.0,3.0,98.0
2005,8743,Aaron Rodgers,QB,California,24.0,24.0,1.0,False,,Green Bay Packers,GB,5fbab03e281655abae1083b132803d9e,223.0,74.0,1.0,2.0,99.0
2005,8754,Jason Campbell,QB,Auburn,25.0,25.0,1.0,False,from Denver,Washington Redskins,WSH,c794b72ed323e01f9bc984d5a48003ff,230.0,77.0,3.0,46.0,86.0
2005,8747,Charlie Frye,QB,Akron,3.0,67.0,3.0,False,,Cleveland Browns,CLE,8c1f48a894b3973eec7212974d0029ee,225.0,76.0,4.0,55.0,85.0
2005,8746,Andrew Walter,QB,Arizona State,5.0,69.0,3.0,False,,Oakland Raiders,OAK,1e26f9a7c1df6b210b01332e40fdfc95,233.0,78.0,5.0,58.0,84.0
2005,8749,David Greene,QB,Georgia,21.0,85.0,3.0,False,,Seattle Seahawks,SEA,f94a61a63c8ff26cfa874ff8e18877b3,226.0,76.0,8.0,106.0,70.0
2005,8748,Kyle Orton,QB,Purdue,5.0,106.0,4.0,False,,Chicago Bears,CHI,a6ba34639733e9a6284e7125a8d29c96,233.0,76.0,6.0,69.0,79.0
2005,8769,Stefan LeFors,QB,Louisville,20.0,121.0,4.0,False,from Seattle,Carolina Panthers,CAR,b518c8332d8a45a6348f93e245d3aca8,208.0,72.0,14.0,176.0,59.0
2005,8768,Dan Orlovsky,QB,Connecticut,9.0,145.0,5.0,False,from Arizona through New England,Detroit Lions,DET,69f12ca0217051ad60f1aed8fab5f991,225.0,77.0,10.0,126.0,67.0
2005,9112,Adrian McPherson,QB,Florida State,16.0,152.0,5.0,False,,New Orleans Saints,NO,157c91a0abd2ce7e114c209a8c559a37,218.0,76.0,9.0,120.0,68.0
2005,8751,Derek Anderson,QB,Oregon State,39.0,213.0,6.0,False,,Baltimore Ravens,BAL,ddfe7516042200bce053b9584341eec5,242.0,78.0,7.0,96.0,73.0
2005,8760,James Kilian,QB,Tulsa,15.0,229.0,7.0,False,,Kansas City Chiefs,KC,4732cda3fa1be7a78029e98fe920c4dd,215.0,75.0,27.0,,30.0
2005,9171,Matt Cassel,QB,USC,16.0,230.0,7.0,False,from Minnesota through N.Y. Jets and Oakland,New England Patriots,NE,e512fd7784cfd7f03c3a56c767edca9f,,,,,
2005,8762,Ryan Fitzpatrick,QB,Harvard,36.0,250.0,7.0,False,,St. Louis Rams,STL,f8047d1a4e960668c9cda5c0342b167c,232.0,74.0,11.0,142.0,64.0
2005,8750,Jason White,QB,Oklahoma,,,,,,,,00be888b38b5e26fc4b4d18aca23e7b7,223.0,74.5,12.0,148.0,63.0
2005,8756,Timmy Chang,QB,Hawai'i,,,,,,,,168fe011ec169a3ab462b78c3f3f47c5,211.0,73.0,13.0,157.0,61.0
2005,8758,Bryan Randall,QB,,,,,,,,,76ded17fb42a09dfeb6ffe81a268a501,225.0,72.25,15.0,210.0,53.0
2005,8753,Chris Rix,QB,,,,,,,,,49b3a60a1966f1911e400f7a8ac3bacb,214.0,74.0,16.0,232.0,49.0
2005,8764,Gino Guidugli,QB,,,,,,,,,7671cffe3932ddf5535d66b29b468983,229.0,75.75,17.0,251.0,46.0
2005,9078,Walter Washington,QB,Temple,,,,,,,,fc7e07a15f78095e6478ff18837c6c1c,237.0,73.875,18.0,272.0,42.0
2005,8775,Dustin Long,QB,Sam Houston State,,,,,,,,acd4f9ed7553dbcec6c4b72d6048521b,208.0,74.5,19.0,301.0,37.0
2005,8791,Craig Ochs,QB,Montana,,,,,,,,266f2deba96802783ce393364c4c1a52,218.0,73.75,20.0,308.0,36.0
2005,8763,Jared Allen,QB,Florida Atlantic,,,,,,,,47e95d2ed0d83319df842c2e0eded37c,218.0,74.25,21.0,326.0,33.0
2005,8761,Darian Durant,QB,,,,,,,,,a3e1be342979fa563eccad94b78982c1,215.0,71.0,22.0,345.0,31.0
2006,10300,Vince Young,QB,Texas,3.0,3.0,1.0,False,,Tennessee Titans,TEN,8a566151926d25a918e430d6b24c70ac,229.0,77.0,2.0,7.0,97.0
2006,9237,Matt Leinart,QB,USC,10.0,10.0,1.0,False,,Arizona Cardinals,ARI,aa355d378a68b11239e90dc057a5ce60,223.0,77.0,1.0,4.0,98.0
2006,9296,Jay Cutler,QB,Vanderbilt,11.0,11.0,1.0,False,from St. Louis,Denver Broncos,DEN,0929f9fbf84fc27809aa42a850ec5b11,226.0,75.0,3.0,11.0,96.0
2006,9824,Kellen Clemens,QB,Oregon,17.0,49.0,2.0,False,from Dallas,New York Jets,NYJ,d66f23dbd22473ae28398febd3427f1c,224.0,74.0,4.0,55.0,85.0
2006,10418,Tarvaris Jackson,QB,Alabama State,32.0,64.0,2.0,False,from Pittsburgh,Minnesota Vikings,MIN,fc975ce1f6fef2024161b8ea62daed32,226.0,74.0,8.0,127.0,65.0
2006,9268,Charlie Whitehurst,QB,Clemson,17.0,81.0,3.0,False,,San Diego Chargers,SD,0e811ba4444be2e39e92b1126611ce8c,223.0,77.0,6.0,76.0,77.0
2006,9322,Brodie Croyle,QB,Alabama,21.0,85.0,3.0,False,,Kansas City Chiefs,KC,79c8a9cd853dd1f43337bb1b31b9a958,205.0,75.0,5.0,63.0,81.0
2006,9917,Ingle Martin,QB,Furman,15.0,148.0,5.0,False,from Atlanta,Green Bay Packers,GB,,220.0,74.0,17.0,,35.0
2006,10303,Omar Jacobs,QB,Bowling Green,31.0,164.0,5.0,False,,Pittsburgh Steelers,PIT,b5386ea4bd86d6318ba106fb225e6271,232.0,76.0,7.0,96.0,72.0
2006,9190,Bruce Gradkowski,QB,Toledo,25.0,194.0,6.0,False,from N.Y. Giants,Tampa Bay Buccaneers,TB,a7bbfecc92be33f87ca0b56ff514d7f7,217.0,73.0,9.0,136.0,63.0
2006,9259,D.J. Shockley,QB,Georgia,15.0,223.0,7.0,False,,Atlanta Falcons,ATL,238800b8c22520f3ea463bcb522e9142,214.0,73.0,11.0,,59.0
2007,11405,JaMarcus Russell,QB,LSU,1.0,1.0,1.0,False,,Oakland Raiders,OAK,35a9c3f020cecde1433aa0b663eb1383,256.0,78.0,1.0,2.0,98.0
2007,10302,Brady Quinn,QB,Notre Dame,22.0,22.0,1.0,False,from Dallas,Cleveland Browns,CLE,28b64d2c0a09417a70b4e4feb6b7670c,232.0,76.0,2.0,7.0,97.0
2007,10870,Kevin Kolb,QB,Houston,4.0,36.0,2.0,False,from Cleveland through Dallas,Philadelphia Eagles,PHI,56314292d8a425dcc17442a8f133edcc,218.0,75.0,6.0,99.0,71.0
2007,10491,John Beck,QB,BYU,8.0,40.0,2.0,False,,Miami Dolphins,MIA,395352b5282afb79a4e3712a4fb4fbc7,215.0,74.0,4.0,43.0,86.0
2007,10301,Drew Stanton,QB,Michigan State,11.0,43.0,2.0,False,from Buffalo,Detroit Lions,DET,f4b32bb99c140179189ab3da2cab3553,226.0,75.0,3.0,41.0,87.0
2007,10660,Trent Edwards,QB,Stanford,28.0,92.0,3.0,False,from Baltimore,Buffalo Bills,BUF,d49f2d3bb0198e7b69f9fbfaa3c94792,231.0,76.0,5.0,44.0,85.0
2007,11165,Isaiah Stanback,QB,Washington,4.0,103.0,4.0,False,from Cleveland,Dallas Cowboys,DAL,efbfb0bc494ecaece4b0b10311f07c74,216.0,74.0,8.0,153.0,59.0
2007,11098,Jeff Rowe,QB,Nevada,14.0,151.0,5.0,False,,Cincinnati Bengals,CIN,9099493267cd41e19069827be3fff717,226.0,77.0,13.0,242.0,39.0
2007,11150,Troy Smith,QB,Ohio State,37.0,174.0,5.0,False,,Baltimore Ravens,BAL,678c35f30cc2f77002f17087fb8fbccc,225.0,72.0,7.0,104.0,70.0
2007,11016,Jordan Palmer,QB,UTEP,31.0,205.0,6.0,False,from Chicago,Washington Redskins,WSH,be68a7f659ad7fc36910ba715bb57f9a,231.0,78.0,12.0,219.0,44.0
2007,11200,Tyler Thigpen,QB,Coastal Carolina,7.0,217.0,7.0,False,,Minnesota Vikings,MIN,44c05a745bd93558558e77341c44c94d,216.0,74.0,47.0,,20.0
2007,10886,Chris Leak,QB,Florida,,,,,,,,1ece43281a4a631d9029af3a886620f6,209.0,71.875,9.0,169.0,56.0
2007,11014,Tyler Palko,QB,Pittsburgh,,,,,,,,ed66227a54e3125346b4c27291b49c8c,215.0,73.375,10.0,192.0,50.0
2007,11305,Jared Zabransky,QB,Boise State,,,,,,,,41cf28d6f3f11d2146bbd6b7b8d33512,204.0,73.75,11.0,195.0,49.0
2007,10971,Matt Moore,QB,,,,,,,,,fec4a5a074293332afc021c366a96ea4,191.0,75.375,14.0,261.0,36.0
2007,11193,Zac Taylor,QB,Nebraska,,,,,,,,d84ea9cc975a33d08a19d87b1bb1ddab,216.0,74.375,15.0,281.0,32.0
2007,11038,James Pickney,QB,East Carolina,,,,,,,,,208.0,74.5,16.0,295.0,31.0
2008,11586,Matt Ryan,QB,Boston College,3.0,3.0,1.0,False,,Atlanta Falcons,ATL,c79f38c2a37e5dfcdd3da91f4811b2cd,228.0,77.0,1.0,5.0,98.0
2008,11486,Joe Flacco,QB,Delaware,18.0,18.0,1.0,True,From Texans,Baltimore Ravens,BAL,cfd567df191e29cf0dc60bcf84085135,236.0,78.0,4.0,29.0,89.0
2008,12009,Brian Brohm,QB,Louisville,25.0,56.0,2.0,False,From Browns,Green Bay Packers,GB,6c59128b58bb37bc74d0c14e528437c6,230.0,75.0,2.0,21.0,93.0
2008,12045,Chad Henne,QB,Michigan,26.0,57.0,2.0,False,From Chargers,Miami Dolphins,MIA,84acd5b740f360ac73a89b96c0bfe022,230.0,75.0,3.0,27.0,90.0
2008,11708,Kevin O'Connell,QB,San Diego State,31.0,94.0,3.0,False,,New England Patriots,NE,44b95573741aa8ce43e24d9ce219475c,225.0,77.0,8.0,147.0,59.0
2008,11740,John David Booty,QB,USC,2.0,137.0,5.0,True,From Rams through Packers,Minnesota Vikings,MIN,c75bef252d3f439feeec9b8e63b35116,218.0,74.0,5.0,74.0,78.0
2008,11955,Dennis Dixon,QB,Oregon,21.0,156.0,5.0,False,,Pittsburgh Steelers,PIT,870467ff7c6e2079812cb0c7b00ecb4b,195.0,75.0,11.0,,45.0
2008,11706,Josh Johnson,QB,San Diego,25.0,160.0,5.0,True,From Chargers through Patriots,Tampa Bay Buccaneers,TB,96322b1f0f693e12403e9c34305a58fb,213.0,75.0,9.0,,54.0
2008,11766,Erik Ainge,QB,Tennessee,27.0,162.0,5.0,True,From Packers,New York Jets,NYJ,1929d00fd8fe7d84b88299a4f87daade,225.0,78.0,7.0,117.0,66.0
2008,11634,Colt Brennan,QB,Hawai'i,20.0,186.0,6.0,False,,Washington Redskins,WSH,ad326006f10fbaa668f31e6a4eefda8d,207.0,74.0,12.0,,41.0
2008,11985,Andre' Woodson,QB,Kentucky,32.0,198.0,6.0,False,,New York Giants,NYG,cb8aacb870269b19becacc04a6df94a4,229.0,76.0,6.0,97.0,71.0
2008,12001,Matt Flynn,QB,LSU,2.0,209.0,7.0,True,From Rams through Vikings,Green Bay Packers,GB,e4c5a1a0187a73bf97cb3d7d226f08d7,231.0,74.0,10.0,,48.0
2008,12203,Alex Brink,QB,Washington State,16.0,223.0,7.0,False,,Houston Texans,HOU,23e355f6b5fe116fc62ece4637aebf2f,211.0,74.0,25.0,,30.0
2009,24681,Matthew Stafford,QB,Georgia,1.0,1.0,1.0,False,,Detroit Lions,DET,20c41c33a33f6dc27e1f0771e39ce49a,225.0,74.0,1.0,7.0,96.0
2009,24676,Mark Sanchez,QB,USC,5.0,5.0,1.0,True,from Cleveland,New York Jets,NYJ,254e85b1d83f3a90c134ff12b7fe28c5,227.0,74.0,2.0,8.0,95.0
2009,24693,Josh Freeman,QB,Kansas State,17.0,17.0,1.0,True,from N.Y. Jets through Cleveland,Tampa Bay Buccaneers,TB,d7577625f11a8fea182617450ae29729,248.0,78.0,3.0,46.0,85.0
2009,24649,Pat White,QB,West Virginia,12.0,44.0,2.0,False,from Washington,Miami Dolphins,MIA,5eafbaa789670f3d8be87a9e8080aa83,197.0,72.0,4.0,67.0,79.0
2009,24059,Stephen McGee,QB,Texas A&M,1.0,101.0,4.0,False,from Detroit,Dallas Cowboys,DAL,af3287aa0ed74bb06e7e55d0330359a2,225.0,75.0,7.0,172.0,54.0
2009,24352,Rhett Bomar,QB,Sam Houston State,15.0,151.0,5.0,False,from New Orleans,New York Giants,NYG,d8eccfe0a2a020fc1d079c5b9ec56873,225.0,74.0,6.0,163.0,56.0
2009,24710,Nate Davis,QB,Ball State,35.0,171.0,5.0,False,Compensatory selection,San Francisco 49ers,SF,17fd3d97cff26b8fc186b86efea90423,226.0,73.0,8.0,187.0,51.0
2009,24659,Tom Brandstater,QB,Fresno State,1.0,174.0,6.0,True,from Detroit,Denver Broncos,DEN,1181339016bf0740f254bf8bcf77602c,220.0,77.0,9.0,214.0,47.0
2009,23947,Mike Teel,QB,Rutgers,5.0,178.0,6.0,False,,Seattle Seahawks,SEA,40f143c0741b3cb8030c9fec7e121f95,230.0,75.0,28.0,,30.0
2009,24365,Keith Null,QB,West Texas A&M,23.0,196.0,6.0,False,from Atlanta,St. Louis Rams,STL,ee376981b5dc69fbccba9253ca8c11ec,222.0,75.0,38.0,,30.0
2009,24344,Curtis Painter,QB,Purdue,28.0,201.0,6.0,False,,Indianapolis Colts,IND,ce45839fd59bd8bd1e77ef056956d5c3,225.0,75.0,13.0,,39.0
2009,23857,Brian Hoyer,QB,,,,,,,,,50d1f22b6d2e41288a25310f927c1565,215.0,74.0,5.0,135.0,60.0
2009,24604,Hunter Cantwell,QB,Louisville,,,,,,,,5d18ab811899a61add337659481fb730,235.0,76.375,10.0,221.0,46.0
2009,24410,Graham Harrell,QB,Texas Tech,,,,,,,,5476d53b0fb2af3c3ddf4893be55a238,223.0,74.125,11.0,236.0,43.0
2009,24152,John Parker Wilson,QB,Alabama,,,,,,,,2dac228f1ca1c574289eab7702715c48,219.0,73.5,12.0,250.0,40.0
2010,25545,Sam Bradford,QB,Oklahoma,1.0,1.0,1.0,False,,St. Louis Rams,STL,247614195e555d9707fa246ea30440eb,236.0,76.0,1.0,3.0,97.0
2010,24889,Tim Tebow,QB,Florida,25.0,25.0,1.0,True,from Baltimore,Denver Broncos,DEN,8d2efb5dc098e2776a1e4c8e2cc7f3ad,236.0,75.0,4.0,65.0,78.0
2010,25716,Jimmy Clausen,QB,Notre Dame,16.0,48.0,2.0,False,,Carolina Panthers,CAR,58d41ecabe5d578f314422fd0f59fba5,222.0,75.0,2.0,35.0,89.0
2010,25548,Colt McCoy,QB,Texas,21.0,85.0,3.0,False,from New England through Oakland,Cleveland Browns,CLE,2bb9165399456ee0519ce02e85530450,216.0,73.0,3.0,44.0,86.0
2010,25179,Michael Kafka,QB,Northwestern,24.0,122.0,4.0,True,from Green Bay,Philadelphia Eagles,PHI,7ebddf1b8ee6bf0de6e5d329c74905e2,225.0,75.0,6.0,,59.0
2010,25321,John Skelton,QB,Fordham,24.0,155.0,5.0,True,from Philadelphia through N.Y. Jets and Pittsburgh,Arizona Cardinals,ARI,32b39b906d03069ba448a1e96036e545,243.0,77.0,10.0,,50.0
2010,25811,Jonathan Crompton,QB,Tennessee,37.0,168.0,5.0,False,Compensatory Pick,San Diego Chargers,SD,b0a01021be0d0c2dcb4ce3ea4978a789,222.0,75.0,14.0,,33.0
2010,25398,Rusty Smith,QB,Florida Atlantic,7.0,176.0,6.0,True,from Seattle,Tennessee Titans,TEN,3619b5eead936897b42c72d6cba26e61,231.0,77.0,29.0,,30.0
2010,25394,Dan LeFevour,QB,Central Michigan,12.0,181.0,6.0,False,,Chicago Bears,CHI,d55a8c6b6f87d24f441cd8b0da62db23,230.0,75.0,9.0,,54.0
2010,25810,Joe Webb,QB,UAB,30.0,199.0,6.0,False,,Minnesota Vikings,MIN,ae7dc1f84f672f9bdbd4a95cded8cee7,223.0,75.0,22.0,,30.0
2010,25575,Tony Pike,QB,Cincinnati,35.0,204.0,6.0,False,Compensatory Pick,Carolina Panthers,CAR,b4414147f81a988b561bb30ed8b75371,223.0,78.0,5.0,86.0,73.0
2010,25709,Levi Brown,QB,Troy,2.0,209.0,7.0,False,from Detroit,Buffalo Bills,BUF,266f6b0e768836224692db13eeba4edb,229.0,76.0,7.0,,58.0
2010,25736,Sean Canfield,QB,Oregon State,32.0,239.0,7.0,False,,New Orleans Saints,NO,1e01c59c8501e028b8d32542b09a3d3b,223.0,76.0,13.0,,38.0
2010,25570,Zac Robinson,QB,Oklahoma State,43.0,250.0,7.0,False,Compensatory Pick,New England Patriots,NE,4855263f8bf2f1c6e4aefc73dffcff20,214.0,75.0,16.0,,30.0
2011,27308,Cam Newton,QB,Auburn,1.0,1.0,1.0,False,,Carolina Panthers,CAR,5437b449f7f25df70177b5df4da18434,248.0,77.0,2.0,15.0,93.0
2011,26069,Jake Locker,QB,Washington,8.0,8.0,1.0,False,,Tennessee Titans,TEN,553d60bb8cfba38adb7e77be493df090,231.0,75.0,3.0,25.0,90.0
2011,27028,Blaine Gabbert,QB,Missouri,10.0,10.0,1.0,True,from Washington,Jacksonville Jaguars,JAX,a65a53845d9e2ab3518c374ec13b8a9a,234.0,76.0,1.0,5.0,96.0
2011,27210,Christian Ponder,QB,Florida State,12.0,12.0,1.0,False,,Minnesota Vikings,MIN,578b73605cd216f8dfd4e89a4925e0ed,229.0,74.0,5.0,45.0,85.0
2011,26122,Andy Dalton,QB,TCU,3.0,35.0,2.0,False,,Cincinnati Bengals,CIN,10080fc5c043a458e54d428c18555089,215.0,74.0,4.0,40.0,86.0
2011,26167,Colin Kaepernick,QB,Nevada,4.0,36.0,2.0,True,from Denver,San Francisco 49ers,SF,a6e4b09b982b2a71bcaa53b48324f314,233.0,77.0,7.0,57.0,81.0
2011,26080,Ryan Mallett,QB,Arkansas,10.0,74.0,3.0,False,from Minnesota,New England Patriots,NE,4d7a440ab1d2ffef3df54693999c0f5f,253.0,79.0,6.0,54.0,82.0
2011,26154,Ricky Stanzi,QB,Iowa,4.0,135.0,5.0,False,from Denver through Tampa Bay,Kansas City Chiefs,KC,9112b6afdb1ab269bb0d3496be45ec5a,223.0,76.0,8.0,87.0,75.0
2011,27302,T.J. Yates,QB,North Carolina,21.0,152.0,5.0,True,from Indianapolis through Washington,Houston Texans,HOU,9d30715a60a106ebbc221d0d56e8d0ee,221.0,76.0,11.0,209.0,46.0
2011,27272,Nathan Enderle,QB,Idaho,29.0,160.0,5.0,False,,Chicago Bears,CHI,dfe14b065b3e12bfcbf3d7799c1a6cc9,240.0,76.0,12.0,227.0,43.0
2011,27229,Tyrod Taylor,QB,Virginia Tech,15.0,180.0,6.0,False,from St. Louis,Baltimore Ravens,BAL,93cc8c928d085c8880eba0b20a7621d7,216.0,73.0,9.0,150.0,60.0
2011,26219,Greg McElroy,QB,Alabama,5.0,208.0,7.0,False,from Arizona,New York Jets,NYJ,1419033e55c79c93b40a0128add95ca6,220.0,74.0,10.0,196.0,49.0
2011,26105,Pat Devlin,QB,Delaware,,,,,,,,f1114a8c34d4307e2118b0a8c37fe51d,225.0,75.375,13.0,256.0,38.0
2011,27111,Scott Tolzien,QB,,,,,,,,,c70a9a27f82a84b00705dae20e2a0bfc,209.0,74.0,14.0,297.0,32.0
2011,27116,Taylor Potts,QB,Texas Tech,,,,,,,,719413a840e49ae64298c92f147b7a81,220.0,76.0,15.0,312.0,31.0
2012,28325,Andrew Luck,QB,Stanford,1.0,1.0,1.0,False,,Indianapolis Colts,IND,0cb04bda4717537a9b8ca18c96df7ab1,234.0,76.0,1.0,1.0,99.0
2012,28956,Robert Griffin III,QB,Baylor,2.0,2.0,1.0,False,Swap from St. Louis,Washington Redskins,WSH,cfd9b6ef8d5ca561129676749e0ba170,231.0,74.0,2.0,2.0,97.0
2012,28393,Ryan Tannehill,QB,Texas A&M,8.0,8.0,1.0,False,,Miami Dolphins,MIA,2d6af5dcb3d3e2d4cf7227d4a8eb93cd,221.0,76.0,3.0,12.0,94.0
2012,28779,Brandon Weeden,QB,Oklahoma State,22.0,22.0,1.0,False,From Atlanta,Cleveland Browns,CLE,5458e891981d84473a952876734c26b1,221.0,76.0,5.0,48.0,86.0
2012,29000,Brock Osweiler,QB,Arizona State,25.0,57.0,2.0,False,,Denver Broncos,DEN,3d7c436a8126afaa87fe730c57fc9ce6,242.0,79.0,4.0,42.0,87.0
2012,28525,Russell Wilson,QB,Wisconsin,12.0,75.0,3.0,False,,Seattle Seahawks,SEA,f0610946ceb69a993bcccf110b2078b5,204.0,71.0,8.0,104.0,69.0
2012,27468,Nick Foles,QB,Arizona,25.0,88.0,3.0,False,from Houston,Philadelphia Eagles,PHI,0a977ad1142ca3ddddd03c40f1b68fdd,243.0,77.0,6.0,54.0,84.0
2012,28010,Kirk Cousins,QB,Michigan State,7.0,102.0,4.0,False,,Washington Redskins,WSH,53bec012c2edbc7ca8d5438611f9faa1,214.0,75.0,7.0,57.0,83.0
2012,28260,Ryan Lindley,QB,San Diego State,15.0,185.0,6.0,False,,Arizona Cardinals,ARI,b9327aada10bd670e12e58fbc27680d3,229.0,76.0,10.0,244.0,37.0
2012,28378,B.J. Coleman,QB,Chattanooga,36.0,243.0,7.0,False,compensatory,Green Bay Packers,GB,17788de0cdd7fbd51d8aa901b22886c1,233.0,75.0,12.0,,32.0
2012,28139,Chandler Harnish,QB,Northern Illinois,46.0,253.0,7.0,False,,Indianapolis Colts,IND,d778694c61ce971b3aa6ab675d745624,219.0,74.0,11.0,,33.0
2012,28606,Kellen Moore,QB,,,,,,,,,250dcf37c94ca9d58d0cb2acb8dfe800,197.0,72.0,9.0,216.0,42.0
2013,30224,EJ Manuel,QB,Florida State,16.0,16.0,1.0,True,from St. Louis,Buffalo Bills,BUF,d36cde41d9db0d52f7676d886fadca74,237.0,77.0,6.0,77.0,76.0
2013,29965,Geno Smith,QB,West Virginia,7.0,39.0,2.0,False,,New York Jets,NYJ,593e3c582b92e0f1f4a884215e27f023,218.0,74.0,1.0,28.0,89.0
2013,29224,Mike Glennon,QB,NC State,11.0,73.0,3.0,False,,Tampa Bay Buccaneers,TB,a1bb10e7cb3be4452a17dddb1458bb57,225.0,79.0,5.0,74.0,77.0
2013,29232,Matt Barkley,QB,USC,1.0,98.0,4.0,True,from Jacksonville,Philadelphia Eagles,PHI,75ce4ce9a2c0e00f97f26945289b2d11,227.0,75.0,3.0,43.0,87.0
2013,29300,Ryan Nassib,QB,Syracuse,13.0,110.0,4.0,True,from Arizona via San Diego,New York Giants,NYG,f0ebf412ff6d3a6e233414a1f9f3e206,227.0,74.0,2.0,36.0,88.0
2013,29967,Tyler Wilson,QB,Arkansas,15.0,112.0,4.0,False,from Tampa Bay,Oakland Raiders,OAK,5e5391353131fb34ee350afd017dee5b,215.0,74.0,4.0,72.0,78.0
2013,29956,Landry Jones,QB,Oklahoma,18.0,115.0,4.0,False,,Pittsburgh Steelers,PIT,2889cca8c02d2664e1cd7fd45aeae085,225.0,76.0,8.0,90.0,74.0
2013,29288,Brad Sorensen,QB,Southern Utah,15.0,221.0,7.0,False,,San Diego Chargers,SD,3358676e336c1cbb8fd58ea62b7745c2,229.0,77.0,17.0,,30.0
2013,29975,Zac Dysert,QB,Miami (OH),28.0,234.0,7.0,False,,Denver Broncos,DEN,d24fca6583af19528716e95bd5e9bd5e,231.0,75.0,7.0,83.0,75.0
2013,29634,B.J. Daniels,QB,South Florida,31.0,237.0,7.0,False,,San Francisco 49ers,SF,39b9f1ad5ce3895fdf37af2944a3dfb6,216.0,,,,
2013,30157,Sean Renfree,QB,Duke,43.0,249.0,7.0,False,Compensatory Selection,Atlanta Falcons,ATL,9bbb096973d09cff160ccf9644d68c55,219.0,75.0,11.0,206.0,50.0
2013,30056,Matt Scott,QB,Arizona,,,,,,,,8ee5a040085f0acc250d67ef7328542d,213.0,74.125,9.0,103.0,71.0
2013,29972,Tyler Bray,QB,Tennessee,,,,,,,,3203bda79948b5b8354a670a10a853c4,232.0,78.125,10.0,131.0,65.0
2013,29691,Ryan Griffin,QB,Tulane,,,,,,,,d59d7de02ca319b85d4cf8f09a403648,216.0,75.875,12.0,221.0,48.0
2014,34717,Blake Bortles,QB,UCF,3.0,3.0,1.0,False,,Jacksonville Jaguars,JAX,71ac24a6d3424966b5c6f006808d0d9c,232.0,77.0,1.0,18.0,91.0
2014,33057,Johnny Manziel,QB,Texas A&M,22.0,22.0,1.0,True,from Philadelphia,Cleveland Browns,CLE,bc593af0c2516c0209eec0ecbd65a3fb,207.0,72.0,2.0,22.0,90.0
2014,33598,Teddy Bridgewater,QB,Louisville,32.0,32.0,1.0,True,From Seattle,Minnesota Vikings,MIN,4e962f5292a95839fa4ff68ffbedc962,214.0,74.0,3.0,28.0,89.0
2014,32176,Derek Carr,QB,Fresno State,4.0,36.0,2.0,False,,Oakland Raiders,OAK,50d25930fd5f311dd93213e5ab467ff7,214.0,74.0,7.0,95.0,68.0
2014,33695,Jimmy Garoppolo,QB,Eastern Illinois,30.0,62.0,2.0,False,,New England Patriots,NE,1d58c0548e0e1f6e726702ec9679f43f,226.0,74.0,4.0,50.0,82.0
2014,33064,Logan Thomas,QB,Virginia Tech,20.0,120.0,4.0,False,,Arizona Cardinals,ARI,107276cf1865c106aa0c0f12f8f99a82,248.0,78.0,10.0,126.0,61.0
2014,33173,Tom Savage,QB,Pittsburgh,35.0,135.0,4.0,False,Compensatory,Houston Texans,HOU,45a8da1b0a3af96e219c6f1682d69acd,228.0,76.0,6.0,68.0,75.0
2014,34147,Aaron Murray,QB,Georgia,23.0,163.0,5.0,False,,Kansas City Chiefs,KC,b89deaf8b68882871ac8c823e33fa770,207.0,73.0,9.0,122.0,62.0
2014,34118,AJ McCarron,QB,Alabama,24.0,164.0,5.0,False,,Cincinnati Bengals,CIN,d06f3109b034d70bfe8a34cb5f1aea73,220.0,75.0,5.0,60.0,78.0
2014,33654,Zach Mettenberger,QB,LSU,2.0,178.0,6.0,True,from Washington,Tennessee Titans,TEN,3c24bcbd465face0ea784a01741c1ca0,224.0,77.0,11.0,132.0,60.0
2014,34154,David Fales,QB,San Jose State,7.0,183.0,6.0,False,Trade from Tampa Bay,Chicago Bears,CHI,2adf0b0ed6a384ec6f4a122eb55f1ae6,212.0,74.0,8.0,121.0,63.0
2014,33171,Keith Wenning,QB,Ball State,18.0,194.0,6.0,False,,Baltimore Ravens,BAL,46732071068fcb1cf4c42786fa785682,218.0,75.0,14.0,235.0,42.0
2014,34121,Tajh Boyd,QB,Clemson,37.0,213.0,6.0,False,Compensatory,New York Jets,NYJ,63967a3dfb6543748de62749809d2e70,222.0,73.0,15.0,254.0,39.0
2014,34780,Garrett Gilbert,QB,SMU,38.0,214.0,6.0,False,Compensatory,St. Louis Rams,STL,f1bb5437fce02893d82d66a671add31a,220.0,76.0,16.0,315.0,31.0
2014,34702,Stephen Morris,QB,Miami,,,,,,,,24c368f7fcee1d02cc7d8163a5b97fd6,213.0,73.875,12.0,204.0,47.0
2014,33170,Connor Shaw,QB,South Carolina,,,,,,,,f454ce0ad0119f828c0011c9f8c7558c,206.0,72.375,13.0,216.0,45.0
2015,46810,Jameis Winston,QB,Florida State,1.0,1.0,1.0,False,,Tampa Bay Buccaneers,TB,57af2581cec9d5a32afe7a719925f78b,231.0,76.0,1.0,1.0,97.0
2015,46814,Marcus Mariota,QB,Oregon,2.0,2.0,1.0,False,,Tennessee Titans,TEN,33be1f4ad81275b97b7c5319d2a7113a,222.0,76.0,2.0,5.0,93.0
2015,46930,Garrett Grayson,QB,Colorado State,11.0,75.0,3.0,False,,New Orleans Saints,NO,cfc8effa342ccbf2cd3f32f1a8e7ccfe,213.0,75.0,5.0,121.0,65.0
2015,46917,Sean Mannion,QB,Oregon State,25.0,89.0,3.0,True,from CAR,St. Louis Rams,STL,5d349e390e012c2b66899cb4dd0e0e76,229.0,78.0,4.0,108.0,68.0
2015,46890,Bryce Petty,QB,Baylor,4.0,103.0,4.0,True,from JAC,New York Jets,NYJ,c017d1d6b8ad7ac80895d6690c0c87bc,230.0,75.0,3.0,81.0,73.0
2015,46951,Brett Hundley,QB,UCLA,11.0,147.0,5.0,True,from CLE through NE,Green Bay Packers,GB,26eb73bec3fc9eb2555e7c3a01a5bc9d,226.0,75.0,6.0,142.0,59.0
2015,47228,Trevor Siemian,QB,Northwestern,33.0,250.0,7.0,False,Compensatory,Denver Broncos,DEN,4dae14bf5100094c87f74ec55519c08f,220.0,75.0,24.0,,30.0
2015,47038,Shane Carden,QB,East Carolina,,,,,,,,45b17a32e89e9c411be3b9d778c9a2dd,218.0,73.875,7.0,229.0,42.0
2015,47088,Bryan Bennett,QB,Southeastern Louisiana,,,,,,,,,211.0,74.25,8.0,279.0,36.0
2015,47097,Connor Halliday,QB,Washington State,,,,,,,,7601ad70f383ff7822e757010b6519af,196.0,75.0,9.0,288.0,35.0
2015,47123,Anthony Boone,QB,Duke,,,,,,,,8ce488f06c9079f312abf3b921fcb6ab,231.0,72.25,10.0,314.0,32.0
2015,47136,Brandon Bridge,QB,South Alabama,,,,,,,,6224cd24d6e3ed0409996763d8e1fc04,229.0,76.375,11.0,327.0,31.0
2016,49986,Jared Goff,QB,California,1.0,1.0,1.0,False,From TEN,Los Angeles Rams,LAR,987f4f39ed6f591557ebec7dc356171c,215.0,76.0,2.0,11.0,91.0
2016,49988,Carson Wentz,QB,North Dakota State,2.0,2.0,1.0,False,From CLE,Philadelphia Eagles,PHI,ed28fa2c63a18258b6b0618e79d3e363,237.0,77.0,1.0,10.0,91.0
2016,49985,Paxton Lynch,QB,Memphis,26.0,26.0,1.0,True,From SEA,Denver Broncos,DEN,f5d62cc6e82794ef2bdfb165099f35e0,244.0,79.0,3.0,38.0,85.0
2016,49989,Christian Hackenberg,QB,Penn State,20.0,51.0,2.0,False,,New York Jets,NYJ,057f00998fc8828652b248d7a99c3f41,223.0,76.0,5.0,49.0,81.0
2016,49990,Jacoby Brissett,QB,NC State,28.0,91.0,3.0,False,,New England Patriots,NE,efcb42e50bef62d1b58bdbc17fde2479,231.0,76.0,7.0,109.0,68.0
2016,49991,Cody Kessler,QB,USC,30.0,93.0,3.0,True,From CAR,Cleveland Browns,CLE,3c75884248483dafde0620ca5109f5ce,220.0,73.0,10.0,209.0,50.0
2016,49987,Connor Cook,QB,Michigan State,2.0,100.0,4.0,True,From CLE through PHI and TEN,Oakland Raiders,OAK,0acf47c0437603413910a079feb0b551,217.0,76.0,4.0,40.0,84.0
2016,49992,Dak Prescott,QB,Mississippi State,37.0,135.0,4.0,False,Compensatory,Dallas Cowboys,DAL,5f09781b6b0b7325049ba91e60d794e6,226.0,74.0,12.0,230.0,48.0
2016,49993,Cardale Jones,QB,Ohio State,41.0,139.0,4.0,False,Compensatory,Buffalo Bills,BUF,fb6de2db3a75614677b951a4d078ae5d,253.0,77.0,13.0,235.0,47.0
2016,49998,Kevin Hogan,QB,Stanford,23.0,162.0,5.0,False,From SEA,Kansas City Chiefs,KC,02a92ccdd3ba2455bf17768aeeb8c44b,218.0,75.0,9.0,200.0,52.0
2016,50000,Nate Sudfeld,QB,Indiana,12.0,187.0,6.0,False,From NO,Washington Redskins,WSH,d54bf1c252c3e7ab4a86073d8e862704,234.0,78.0,8.0,160.0,59.0
2016,50003,Jake Rudock,QB,Michigan,16.0,191.0,6.0,False,,Detroit Lions,DET,bf74043bcfcb6e2a638dc95b10f7214c,207.0,75.0,17.0,335.0,32.0
2016,50001,Brandon Allen,QB,Arkansas,26.0,201.0,6.0,False,From PIT,Jacksonville Jaguars,JAX,2ea2fede122061252acfb4ce3713c7f1,217.0,73.0,6.0,105.0,69.0
2016,49999,Jeff Driskel,QB,Louisiana Tech,32.0,207.0,6.0,False,From DEN,San Francisco 49ers,SF,380f6109c598c64d12939df852a1940f,234.0,76.0,11.0,214.0,49.0
2016,50002,Brandon Doughty,QB,Western Kentucky,2.0,223.0,7.0,True,From CLE,Miami Dolphins,MIA,61b92d9914fd7148aa20e513d8159380,213.0,75.0,14.0,272.0,39.0
2016,50004,Josh Woodrum,QB,Liberty,,,,,,,,66c2df48554322646d4d9f0f487cc0c0,231.0,74.875,15.0,315.0,34.0
2016,50517,Vernon Adams Jr.,QB,Oregon,,,,,,,,34abf24401b50d7cc8d38e8ff5ae49ba,200.0,70.875,16.0,322.0,33.0
2016,49996,Mike Bercovici,QB,Arizona State,,,,,,,,97713ffa3e3b081d429fa06ed3bb06d4,206.0,72.5,18.0,352.0,31.0
2017,51705,Mitchell Trubisky,QB,North Carolina,2.0,2.0,1.0,True,From SF,Chicago Bears,CHI,bcf9133c2510f4530f0bc68c1a5d0af7,222.0,74.0,1.0,27.0,89.0
2017,52092,Patrick Mahomes,QB,Texas Tech,10.0,10.0,1.0,True,From BUF,Kansas City Chiefs,KC,37d87523280a9d4a0adb22cfc6d3619c,225.0,74.0,3.0,44.0,85.0
2017,51563,Deshaun Watson,QB,Clemson,12.0,12.0,1.0,True,From PHI through CLE,Houston Texans,HOU,b6ec8e9e3d85a1de9d0a5a51621a9c20,221.0,75.0,2.0,28.0,88.0
2017,51681,DeShone Kizer,QB,Notre Dame,20.0,52.0,2.0,True,From TEN,Cleveland Browns,CLE,ca09bb4eb8c4c00f635abab6346d2eb2,233.0,76.0,4.0,54.0,82.0
2017,51680,Davis Webb,QB,California,23.0,87.0,3.0,False,,New York Giants,NYG,bc6c0ac5f9c791170f76f39b5c8d85a6,229.0,77.0,7.0,95.0,73.0
2017,51564,C.J. Beathard,QB,Iowa,40.0,104.0,3.0,True,Compensatory from KC through MIN,San Francisco 49ers,SF,b7900f2ec45d6bab7785f65b3f24dd83,219.0,75.0,9.0,156.0,59.0
2017,51565,Joshua Dobbs,QB,Tennessee,29.0,135.0,4.0,False,,Pittsburgh Steelers,PIT,84563f7de787f55ce6348beffea80a7b,216.0,75.0,5.0,63.0,79.0
2017,51779,Nathan Peterman,QB,Pittsburgh,28.0,171.0,5.0,True,From DAL,Buffalo Bills,BUF,074ee98cbabc2a77e9b96688a89761d8,226.0,75.0,6.0,69.0,77.0
2017,51567,Brad Kaaya,QB,Miami,32.0,215.0,6.0,True,From NE,Detroit Lions,DET,8c5f3bcf094e628136fc64e125c865d8,214.0,76.0,8.0,116.0,69.0
2017,51568,Chad Kelly,QB,Ole Miss,35.0,253.0,7.0,False,Compensatory,Denver Broncos,DEN,234e1fd878a3b5653c79197cd965cbd9,228.0,74.0,11.0,328.0,32.0
2017,52048,Alek Torgersen,QB,Penn,,,,,,,,ae2e645bc255327753a7653f5f6df383,218.0,74.375,10.0,308.0,35.0
2017,51569,Mitch Leidner,QB,Minnesota,,,,,,,,47b03632ca84827203b29edd6ff73a23,226.0,75.5,12.0,338.0,31.0
2018,101525,Baker Mayfield,QB,Oklahoma,1.0,1.0,1.0,False,,Cleveland Browns,CLE,5bb4376ad089e3e4e49a44f1d709a012,215.0,73.0,4.0,11.0,91.0
2018,101504,Sam Darnold,QB,USC,3.0,3.0,1.0,True,From IND,New York Jets,NYJ,938f19a1ef9b618c2365d55291e0fcc6,221.0,75.0,1.0,4.0,94.0
2018,101505,Josh Allen,QB,Wyoming,7.0,7.0,1.0,True,From TB,Buffalo Bills,BUF,853f876854bd6a4fcb1063d6df1e7742,237.0,77.0,3.0,10.0,92.0
2018,101506,Josh Rosen,QB,UCLA,10.0,10.0,1.0,True,From OAK,Arizona Cardinals,ARI,18aee0bacaace2d3f457f878d08ad443,226.0,76.0,2.0,9.0,92.0
2018,101568,Lamar Jackson,QB,Louisville,32.0,32.0,1.0,True,From PHI,Baltimore Ravens,BAL,7d76fbb11c5ed9f4954fcad43f720ae2,216.0,74.0,5.0,29.0,87.0
2018,101545,Mason Rudolph,QB,Oklahoma State,12.0,76.0,3.0,True,From SEA thru GB,Pittsburgh Steelers,PIT,779f3cff73ebdcb6132748a95fa9d491,235.0,77.0,6.0,62.0,79.0
2018,101735,Kyle Lauletta,QB,Richmond,8.0,108.0,4.0,True,From TB,New York Giants,NYG,1ab4a0e5e5659e2c16a10e4e8ceca43b,222.0,75.0,7.0,66.0,78.0
2018,101717,Mike White,QB,Western Kentucky,34.0,171.0,5.0,False,Compensatory,Dallas Cowboys,DAL,ee3f0150f39c6b39e3fa1c0d94ec5288,224.0,77.0,9.0,120.0,68.0
2018,101541,Luke Falk,QB,Washington State,25.0,199.0,6.0,False,,Tennessee Titans,TEN,c4e503681d90c1f573100427b795a213,215.0,76.0,8.0,96.0,71.0
2018,101764,Tanner Lee,QB,Nebraska,29.0,203.0,6.0,False,,Jacksonville Jaguars,JAX,f454b70b1ccbdf5969baf6d4119dd15d,218.0,76.0,12.0,235.0,45.0
2018,102020,Danny Etling,QB,LSU,1.0,219.0,7.0,True,From CLE,New England Patriots,NE,1a9224d5da0988876eb8c2811da9edfb,222.0,75.0,25.0,,30.0
2018,102585,Alex Mcgough,QB,Florida Intl,2.0,220.0,7.0,True,From PIT thru NYG,Seattle Seahawks,SEA,ba526f73e06437def48a1456b8673f8f,212.0,75.0,38.0,,30.0
2018,101859,Logan Woodside,QB,Toledo,31.0,249.0,7.0,True,From NE,Cincinnati Bengals,CIN,7f08aa3b19d32f9e5eec9e0428b1eedb,213.0,73.0,10.0,210.0,51.0
2018,101828,Kyle Allen,QB,Houston,,,,,,,,5ce7c1f8b2be23104d44ad43e67c8175,211.0,75.0,11.0,216.0,50.0
2018,101829,Chase Litton,QB,Marshall,,,,,,,,8014af8775e31b5c241bd20056eb111e,232.0,77.0,13.0,245.0,44.0
2018,101616,Kurt Benkert,QB,Virginia,,,,,,,,d49e21765cf2a8d29f5e7ad513d5f8bb,218.0,74.625,14.0,249.0,43.0
2018,101591,Riley Ferguson,QB,Memphis,,,,,,,,6bb6b55ba40a94a2a7242c46dca17e7d,212.0,74.75,15.0,307.0,34.0
2018,101864,Austin Allen,QB,Arkansas,,,,,,,,9d2a3253d0a1fb92963c99af0fefa889,209.0,72.0,16.0,337.0,31.0
2019,103832,Kyler Murray,QB,Oklahoma,1.0,1.0,1.0,False,,Arizona Cardinals,ARI,9bef707dd33f266b302081900d735915,207.0,70.0,1.0,9.0,90.0
2019,103572,Daniel Jones,QB,Duke,6.0,6.0,1.0,False,,New York Giants,NYG,5ad1bcc257bcbb72bcd00cdd0d945444,221.0,77.0,6.0,59.0,80.0
2019,103560,Dwayne Haskins,QB,Ohio State,15.0,15.0,1.0,False,,Washington,WSH,d017f7f7ce5d8c0fe459c00b2c6af2fc,231.0,75.0,2.0,15.0,90.0
2019,103589,Drew Lock,QB,Missouri,10.0,42.0,2.0,True,From CIN,Denver Broncos,DEN,0b8ae860a9096cdbdb2d8e3fe1b28d83,228.0,76.0,3.0,24.0,89.0
2019,103539,Will Grier,QB,West Virginia,36.0,100.0,3.0,False,Compensatory Selection,Carolina Panthers,CAR,92748175fa4fe94ea1a2d4c2600cecb1,217.0,75.0,7.0,124.0,68.0
2019,103552,Ryan Finley,QB,NC State,2.0,104.0,4.0,True,From SF,Cincinnati Bengals,CIN,5410d574f5acab91f877829d6019c252,213.0,76.0,4.0,30.0,88.0
2019,103564,Jarrett Stidham,QB,Auburn,31.0,133.0,4.0,True,From LAR,New England Patriots,NE,c3f93f4100ba23ad2faaf54f6b9dff33,218.0,74.0,5.0,56.0,81.0
2019,103813,Easton Stick,QB,North Dakota State,28.0,166.0,5.0,False,,Los Angeles Chargers,LAC,a6b7d4889fffe11c3a7d995c27018755,224.0,73.0,13.0,330.0,35.0
2019,103610,Clayton Thorson,QB,Northwestern,29.0,167.0,5.0,True,From NE via LAR and KC,Philadelphia Eagles,PHI,ab959d82527bace883619ac18f442c32,222.0,76.0,9.0,138.0,65.0
2019,103586,Gardner Minshew,QB,Washington State,5.0,178.0,6.0,False,,Jacksonville Jaguars,JAX,a64e025b8608fd26e1f8df83133d7a59,225.0,73.0,10.0,240.0,49.0
2019,103637,Trace McSorley,QB,Penn State,24.0,197.0,6.0,True,From PHI,Baltimore Ravens,BAL,6342b3e8f130e038d39c532d5a41054e,202.0,72.0,11.0,259.0,46.0
2019,103883,Tyree Jackson,QB,Buffalo,,,,,,,,ee347cc4e0315a0116744c8ff1b63bb4,249.0,79.0,8.0,136.0,66.0
2019,103701,Brett Rypien,QB,Boise State,,,,,,,,9ce1e563bb5d140ea70829340957d32f,210.0,73.625,12.0,309.0,38.0
2020,104204,Joe Burrow,QB,LSU,1.0,1.0,1.0,False,,Cincinnati Bengals,CIN,e6957db55b2ea82dc788d889115d9772,221.0,76.0,1.0,2.0,94.0
2020,104093,Tua Tagovailoa,QB,Alabama,5.0,5.0,1.0,False,,Miami Dolphins,MIA,3858bbe06348e3ef5d9f2dd2acb46f44,217.0,72.0,2.0,7.0,93.0
2020,104099,Justin Herbert,QB,Oregon,6.0,6.0,1.0,False,,Los Angeles Chargers,LAC,ec880cbc1490cdae548ff844104974ae,236.0,78.0,4.0,24.0,89.0
2020,104199,Jordan Love,QB,Utah State,26.0,26.0,1.0,True,From HOU through MIA,Green Bay Packers,GB,f19ea9a5ca4d79b93e49543e438cd336,224.0,76.0,3.0,20.0,90.0
2020,104214,Jalen Hurts,QB,Oklahoma,21.0,53.0,2.0,False,,Philadelphia Eagles,PHI,caceb80c6350a1079fcf7c7bd1b4edd8,222.0,73.0,7.0,94.0,70.0
2020,104196,Jacob Eason,QB,Washington,16.0,122.0,4.0,False,,Indianapolis Colts,IND,22c8fe738dcaea7c8ddd9e1f1b8fccbf,231.0,78.0,6.0,56.0,81.0
2020,104646,James Morgan,QB,Florida International,19.0,125.0,4.0,True,From CHI through NE,New York Jets,NYJ,2d98566410ac3cb32955c5f22fc9cefe,229.0,76.0,10.0,171.0,54.0
2020,104128,Jake Fromm,QB,Georgia,22.0,167.0,5.0,False,,Buffalo Bills,BUF,b910f6e3c258652a2140f460878334ff,219.0,74.0,5.0,54.0,82.0
2020,104628,Jake Luton,QB,Oregon State,10.0,189.0,6.0,False,,Jacksonville Jaguars,JAX,6e66f765c09f1e6d9a6b1baa94800acf,224.0,78.0,11.0,204.0,47.0
2020,104459,Cole McDonald,QB,Hawai'i,10.0,224.0,7.0,True,From CLE,Tennessee Titans,TEN,fcec5c08e994308550bc831d16bd06e1,215.0,75.0,12.0,213.0,45.0
2020,104701,Ben DiNucci,QB,James Madison,17.0,231.0,7.0,False,,Dallas Cowboys,DAL,c476fd8fee5c8e54bcffc0394cfc0232,210.0,75.0,,,
2020,104707,Tommy Stevens,QB,Mississippi State,26.0,240.0,7.0,True,From HOU,New Orleans Saints,NO,9667ed8ef28e6b65a9b9d597f10c86fb,235.0,77.0,,,
2020,104154,Nate Stanley,QB,Iowa,30.0,244.0,7.0,True,From GB through CLE and NO,Minnesota Vikings,MIN,af96cd4b24abfc12a855f1644324c654,235.0,76.0,9.0,159.0,56.0
2020,104233,Anthony Gordon,QB,Washington State,,,,,,,,972702fdd91bb9aa5cc869b06092f2e6,205.0,74.375,8.0,155.0,57.0
2020,104229,Steven Montez,QB,Colorado,,,,,,,,a6b089aeff708fe356f588daea9e9c13,231.0,76.0,13.0,228.0,41.0
2020,104143,Brian Lewerke,QB,Michigan State,,,,,,,,1b618238ce99ffd1b956bb5be7c6da1a,213.0,74.5,14.0,266.0,36.0
2020,104629,Tyler Huntley,QB,Utah,,,,,,,,749ba0ed1951e15de7085e95557294de,205.0,73.0,15.0,267.0,36.0
2020,104549,Shea Patterson,QB,Michigan,,,,,,,,45087e2e6d5caf561a3825719e5bdc64,212.0,72.875,16.0,299.0,31.0
2021,104734,Trevor Lawrence,QB,Clemson,1.0,1.0,1.0,False,,Jacksonville Jaguars,JAX,76111495d1d92333170d4206eebe673f,213.0,78.0,1.0,1.0,97.0
2021,104933,Zach Wilson,QB,BYU,2.0,2.0,1.0,False,,New York Jets,NYJ,2430b06b1be60b7a6a3bcef2c06d1c61,214.0,74.0,2.0,4.0,93.0
2021,104742,Trey Lance,QB,North Dakota State,3.0,3.0,1.0,True,From HOU through MIA,San Francisco 49ers,SF,74e9bc8a9d3aa55619245112f665c677,224.0,76.0,3.0,9.0,92.0
2021,104739,Justin Fields,QB,Ohio State,11.0,11.0,1.0,True,From NYG,Chicago Bears,CHI,7e9fbd60951e2d9a8d8cb3f1ab6c4a4d,227.0,75.0,4.0,11.0,91.0
2021,104935,Mac Jones,QB,Alabama,15.0,15.0,1.0,False,,New England Patriots,NE,1b10c3ae12ed70355b1e4512832b6efc,217.0,75.0,5.0,15.0,90.0
2021,105144,Kyle Trask,QB,Florida,32.0,64.0,2.0,False,,Tampa Bay Buccaneers,TB,15de87c34f4d81be45f382033cb0b8bb,236.0,77.0,7.0,65.0,78.0
2021,104791,Kellen Mond,QB,Texas A&M,2.0,66.0,3.0,True,From NYJ,Minnesota Vikings,MIN,5af745537fcb196091b04b47e04fb0c7,211.0,75.0,8.0,67.0,77.0
2021,105275,Davis Mills,QB,Stanford,3.0,67.0,3.0,False,,Houston Texans,HOU,591160f851557183076fa4bf2e0b4ca7,217.0,76.0,6.0,63.0,79.0
2021,105150,Ian Book,QB,Notre Dame,28.0,133.0,4.0,False,,New Orleans Saints,NO,510fa7104a068535e085a6cbe5f17825,211.0,72.0,10.0,221.0,43.0
2021,104851,Sam Ehlinger,QB,Texas,34.0,218.0,6.0,True,Compensatory Selection from NO,Indianapolis Colts,IND,3b64457b6f8b08c7dec63ec959e25e92,220.0,73.0,12.0,247.0,38.0
2021,104814,Jamie Newman,QB,Georgia,,,,,,,,b5ab4db799b44ca4f4afa49eeb9ddcec,234.0,74.875,9.0,184.0,55.0
2021,105211,Feleipe Franks,QB,Arkansas,,,,,,,,96b812b5051b0cdd040aaf4cb4dddaca,234.0,78.625,11.0,239.0,39.0
2021,105151,Shane Buechele,QB,SMU,,,,,,,,9a0bbaa8fa55fd5f49b9be229fb0f9a9,210.0,72.25,13.0,260.0,36.0
2021,105349,Zach Smith,QB,Tulsa,,,,,,,,9ac7ee79814969a99e628b7c3267d34d,222.0,75.375,14.0,311.0,31.0
2021,105467,K.J. Costello,QB,Mississippi State,,,,,,,,151d962cf4bf1862bcef120a11880e57,227.0,76.625,15.0,345.0,30.0
