player,school,passer_eff_rate,yrs_played,from,to,comp,att,comp_%,pass_yds,pass_td,int,tot_plays,tot_yds,tot_td,pyds_att,adj_pyds_att,pass-yds-per-cmp,yds_pgame,yds_pplay
Case Keenum,Houston,160.6,4,2007,2011,1546.0,2229.0,69.4,19217.0,155.0,46.0,2529.0,20114.0,178.0,8.6,9.1,,337.1,8.0
Will Rogers,Washington,,4,2020,2024,1432.0,2054.0,69.7,13940.0,106.0,,2241.0,13593.0,108.0,,,,284.5,
Luke Falk,Washington State,,3,2014,2017,1404.0,2055.0,68.3,14486.0,119.0,,2306.0,14086.0,123.0,,,,344.9,
Graham Harrell,Texas Tech,154.3,3,2005,2008,1403.0,2011.0,69.8,15793.0,134.0,,2124.0,15611.0,146.0,,8.4,,351.0,7.3
Timmy Chang,Hawaii,,4,2000,2004,1388.0,2436.0,,17072.0,117.0,80.0,2587.0,16910.0,123.0,,,,322.1,
Landry Jones,Oklahoma,,3,2009,2012,1388.0,2183.0,63.6,16646.0,123.0,52.0,2315.0,16271.0,126.0,,,,314.1,7.0
Bo Nix,Oregon,149.6,4,2019,2023,1286.0,1936.0,66.4,15351.0,113.0,,2341.0,16964.0,152.0,,8.5,,251.7,7.2
Kliff Kingsbury,Texas Tech,,3,1999,2002,1231.0,1883.0,65.4,12429.0,95.0,40.0,2156.0,12263.0,100.0,,,,289.0,
Sean Mannion,Oregon State,,3,2011,2014,1187.0,1838.0,64.6,13600.0,83.0,54.0,1970.0,12796.0,85.0,,,,289.4,
Dillon Gabriel,Oregon,160.6,5,2019,2024,1180.0,1831.0,64.4,16314.0,136.0,,2204.0,17445.0,166.0,8.9,9.7,13.8,296.6,7.9
Corey Robinson,Troy,,3,2010,2013,1179.0,1823.0,64.7,13477.0,81.0,48.0,1973.0,13141.0,84.0,,,,280.8,6.7
Dan Lefevour,Central Michigan,,3,2006,2009,1171.0,1763.0,66.4,12905.0,102.0,,2434.0,15853.0,150.0,,,,243.5,
Colt McCoy,Texas,155.0,3,2006,2009,1157.0,1645.0,70.3,13253.0,112.0,45.0,2092.0,14824.0,132.0,8.1,8.2,,250.1,7.1
Kellen Moore,Boise State,169.0,3,2008,2011,1157.0,1658.0,69.8,14667.0,142.0,,1759.0,14534.0,146.0,8.8,9.8,,276.7,8.3
Rakeem Cato,Marshall,145.8,3,2011,2014,1153.0,1838.0,62.7,14079.0,131.0,44.0,2145.0,14918.0,146.0,,,,265.6,7.0
Sam Hartman,Notre Dame,147.2,5,2018,2023,1135.0,1898.0,,15656.0,134.0,49.0,2359.0,16634.0,154.0,8.2,8.5,13.8,260.9,7.1
Holton Ahlers,East Carolina,,4,2018,2022,1127.0,1857.0,,13927.0,97.0,,2326.0,15373.0,123.0,,,,253.2,
Colt Brennan,Hawaii,167.6,2,2005,2007,1115.0,1584.0,70.4,14193.0,131.0,42.0,1851.0,14740.0,146.0,9.0,9.4,,373.5,8.0
Chase Daniel,Missouri,148.9,3,2005,2008,1094.0,1609.0,68.0,12515.0,101.0,41.0,1973.0,13485.0,111.0,,,,245.4,6.8
Derek Carr,Fresno State,152.8,4,2009,2013,1087.0,1630.0,66.7,12843.0,113.0,,1794.0,13033.0,118.0,,8.6,,291.9,7.3
Philip Rivers,North Carolina State,144.2,3,2000,2003,1087.0,1710.0,63.6,13484.0,95.0,,1962.0,13580.0,113.0,,8.1,,275.2,6.9
Chase Holbrook,New Mexico State,145.6,2,2006,2008,1086.0,1566.0,69.3,11846.0,85.0,41.0,1782.0,11577.0,93.0,,,,329.1,
Michael Penix Jr.,Washington,146.6,5,2018,2023,1067.0,1685.0,63.3,13741.0,96.0,,1819.0,14006.0,109.0,8.2,8.4,,286.3,7.7
Zac Dysert,Miami (OH),,3,2009,2012,1066.0,1672.0,63.8,12013.0,73.0,51.0,2133.0,12678.0,85.0,,,,261.2,
Luke McCown,Louisiana Tech,,3,2000,2003,1063.0,1775.0,,12666.0,87.0,62.0,2049.0,12731.0,97.0,,,,294.6,
Brent Stockstill,Middle Tennessee State,148.1,4,2014,2018,1055.0,1610.0,65.5,12495.0,106.0,,1882.0,12954.0,110.0,,8.1,,277.7,6.9
Shane Carden,East Carolina,144.6,2,2012,2014,1052.0,1579.0,66.6,11991.0,86.0,,1850.0,12244.0,112.0,,,,307.5,6.6
Kenny Pickett,Pitt,,4,2017,2021,1045.0,1674.0,62.4,12303.0,81.0,,2090.0,13112.0,102.0,,,,236.6,
Mason Fine,North Texas,,3,2016,2019,1039.0,1655.0,62.8,12505.0,93.0,,1979.0,12562.0,100.0,,,,255.2,
Brett Rypien,Boise State,149.2,3,2015,2018,1036.0,1619.0,64.0,13581.0,90.0,,1829.0,13484.0,95.0,8.4,8.7,,271.6,7.4
Keith Wenning,Ball State,,3,2010,2013,1035.0,1642.0,63.0,11402.0,92.0,42.0,1832.0,11730.0,106.0,,,,232.7,
Frank Harris,UTSA,146.9,4,2019,2023,1034.0,1547.0,66.8,11862.0,92.0,,2005.0,14007.0,121.0,,,,,7.0
Chris Redman,Louisville,,3,1996,1999,1031.0,1679.0,61.4,12541.0,84.0,51.0,1846.0,12129.0,87.0,,,,291.7,
Baker Mayfield,Oklahoma,175.4,4,2013,2017,1026.0,1497.0,68.5,14607.0,131.0,,1901.0,15690.0,153.0,9.8,10.6,14.2,304.3,8.3
Brandon Doughty,Western Kentucky,161.0,4,2011,2015,1023.0,1491.0,68.6,12855.0,111.0,,1593.0,12570.0,115.0,8.6,9.1,,299.0,7.9
Cooper Rush,Central Michigan,,3,2013,2016,1022.0,1648.0,62.0,12894.0,90.0,55.0,1863.0,12786.0,95.0,,,,257.9,6.9
Tim Rattay,Louisiana Tech,154.3,2,1997,1999,1015.0,1552.0,65.4,12746.0,115.0,,1705.0,12643.0,117.0,8.2,8.7,,386.2,7.4
Connor Halliday,Washington State,,3,2011,2014,1014.0,1634.0,62.1,11308.0,90.0,50.0,1746.0,10816.0,90.0,,,,323.1,
Tim Hiller,Western Michigan,,4,2005,2009,1013.0,1608.0,63.0,11329.0,99.0,41.0,1773.0,11220.0,103.0,,,,257.5,
Matt Barkley,USC,148.7,3,2009,2012,1001.0,1562.0,64.1,12327.0,116.0,48.0,1694.0,12214.0,122.0,,,,262.3,7.2
Jarret Doege,Troy,,5,2017,2022,996.0,1552.0,64.2,11069.0,84.0,,1764.0,10492.0,91.0,,,,,
Connor Bazelak,Bowling Green State,,5,2019,2024,993.0,1589.0,62.5,10548.0,,,1777.0,10280.0,,,,,,
Brock Purdy,Iowa State,151.1,3,2018,2021,993.0,1467.0,67.7,12170.0,81.0,,1832.0,13347.0,100.0,8.3,8.4,,253.5,7.3
Clayton Thorson,Northwestern,,3,2015,2018,991.0,1696.0,,10731.0,,45.0,2058.0,11139.0,88.0,,,,,
Kedon Slovis,Brigham Young,,4,2019,2023,989.0,1534.0,64.5,11689.0,80.0,,1682.0,11430.0,83.0,,,,254.1,6.8
Geno Smith,West Virginia,153.5,3,2009,2012,988.0,1465.0,67.4,11662.0,98.0,,1710.0,12004.0,102.0,,8.7,,265.0,7.0
Curtis Painter,Purdue,,3,2005,2008,987.0,1648.0,,11163.0,67.0,46.0,1873.0,11511.0,80.0,,,,242.7,
Jared Goff,California,,2,2013,2015,977.0,1569.0,62.3,12200.0,96.0,,1739.0,12086.0,97.0,,8.1,,329.7,6.9
Chevan Cordeiro,San Jose State,,5,2018,2023,971.0,1624.0,,12191.0,88.0,,2138.0,13811.0,113.0,,,,,
Brandon Silvers,Troy,,3,2014,2017,969.0,1504.0,64.4,10684.0,71.0,,1741.0,11099.0,87.0,,,,,
Tyler Sheehan,Bowling Green State,,3,2006,2009,966.0,1494.0,64.7,10117.0,70.0,,1778.0,10465.0,87.0,,,,240.9,
Kevin Kolb,Houston,145.1,3,2003,2006,964.0,1565.0,61.6,12964.0,85.0,,2037.0,13715.0,106.0,8.3,8.5,,259.3,6.7
Taulia Tagovailoa,Maryland,146.1,4,2019,2023,964.0,1436.0,67.1,11356.0,77.0,,1698.0,11560.0,90.0,,,,246.9,6.8
Seth Henigan,Memphis,146.4,3,2021,2024,963.0,1509.0,63.8,12103.0,86.0,,1853.0,12871.0,95.0,,8.4,,288.2,6.9
Ryan Lindley,San Diego State,,3,2008,2011,961.0,1732.0,,12690.0,90.0,47.0,1822.0,12415.0,92.0,,,,259.0,6.8
Jake Browning,Washington,150.6,3,2015,2018,958.0,1483.0,64.6,12296.0,94.0,,1754.0,12540.0,110.0,8.3,8.5,,232.0,7.1
Ty Detmer,Brigham Young,162.7,3,1988,1991,958.0,1530.0,62.6,15031.0,121.0,65.0,1795.0,14665.0,135.0,9.8,9.5,15.7,313.1,8.2
Clayton Tune,Houston,148.5,4,2018,2022,956.0,1498.0,63.8,11996.0,104.0,41.0,1910.0,13247.0,119.0,,8.2,,255.2,6.9
Jayden Daniels,LSU,158.4,4,2019,2023,953.0,1438.0,66.3,12749.0,89.0,,2055.0,16056.0,124.0,8.9,9.5,,231.8,7.8
Shane Buechele,SMU,,4,2016,2020,952.0,1508.0,63.1,11660.0,87.0,,1799.0,12128.0,95.0,,,,253.5,6.7
Kolton Browning,Louisiana-Monroe,,3,2010,2013,951.0,1577.0,,10263.0,81.0,,2135.0,11808.0,99.0,,,,,
Drew Brees,Purdue,,3,1997,2000,942.0,1525.0,61.8,10909.0,81.0,41.0,1754.0,11815.0,97.0,,,,266.1,6.7
Ryan Finley,North Carolina State,,4,2014,2018,939.0,1462.0,64.2,11147.0,,,1676.0,11529.0,,,,,237.2,6.9
Byron Leftwich,Marshall,150.9,4,1998,2002,939.0,1442.0,65.1,11903.0,89.0,,1632.0,12084.0,96.0,8.3,8.6,,,7.4
Nick Foles,Arizona,,4,2007,2011,938.0,1404.0,66.8,10068.0,67.0,,1510.0,9778.0,,,,,279.7,
Austin Davis,Southern Mississippi,,3,2008,2011,933.0,1527.0,,10892.0,83.0,,1987.0,12267.0,109.0,,,,231.7,
Todd Reesing,Kansas,,3,2006,2009,932.0,1461.0,63.8,11194.0,90.0,,1796.0,11840.0,105.0,,,,273.0,
Brady Quinn,Notre Dame,,3,2003,2006,929.0,1602.0,,11762.0,95.0,,1856.0,11944.0,101.0,,,,240.0,
Nick Mullens,Southern Mississippi,,3,2013,2016,928.0,1546.0,,11994.0,87.0,46.0,1729.0,11784.0,96.0,,,,272.6,6.8
Sam Ehlinger,Texas,145.0,3,2017,2020,923.0,1476.0,62.5,11436.0,94.0,,2030.0,13343.0,127.0,,8.2,,248.6,
Aaron Murray,Georgia,158.6,3,2010,2013,921.0,1478.0,62.3,13166.0,121.0,41.0,1764.0,13562.0,137.0,8.9,9.3,14.3,253.2,7.7
Alan Bowman,Oklahoma State,,6,2018,2024,917.0,1439.0,63.7,10442.0,,40.0,1524.0,10453.0,,,,,,6.9
Dan Orlovsky,Connecticut,,3,2001,2004,916.0,1567.0,,10706.0,84.0,51.0,1710.0,10421.0,90.0,,,,232.7,
Jake Bentley,South Alabama,,5,2016,2021,915.0,1429.0,64.0,10885.0,78.0,46.0,1704.0,11133.0,91.0,,,,,
Mason Rudolph,Oklahoma State,159.7,3,2014,2017,915.0,1447.0,63.2,13618.0,92.0,,1672.0,13646.0,109.0,9.4,9.9,14.9,324.2,8.2
Trevor Vittatoe,UTEP,,3,2007,2010,914.0,1641.0,,12439.0,97.0,42.0,1828.0,12291.0,98.0,,,13.6,253.9,6.7
Brett Basanez,Northwestern,,3,2002,2005,913.0,1584.0,,10580.0,,,1975.0,11576.0,,,,,,
Charlie Frye,Akron,,3,2001,2004,913.0,1436.0,63.6,11049.0,,,1811.0,11478.0,83.0,,,,240.2,
Tyler Rogers,New Mexico State,,3,2014,2017,912.0,1541.0,,10372.0,69.0,56.0,1839.0,10991.0,84.0,,,,265.9,
Todd Santos,San Diego State,,3,1984,1987,910.0,1484.0,61.3,11425.0,70.0,57.0,1722.0,10513.0,,,,,243.1,
Ryan Aplin,Arkansas State,,3,2009,2012,909.0,1410.0,64.5,10758.0,67.0,,1877.0,12514.0,99.0,,,,,6.7
Adam Weber,Minnesota,,3,2007,2010,909.0,1594.0,,10917.0,72.0,51.0,1992.0,11790.0,82.0,,,,,
Garrett Gilbert,SMU,,4,2009,2013,908.0,1548.0,,9761.0,,45.0,1843.0,10774.0,,,,,,
Zach Terrell,Western Michigan,157.0,3,2013,2016,908.0,1387.0,65.5,12088.0,96.0,,1664.0,12708.0,109.0,8.7,9.1,,246.7,7.6
Russell Wilson,Wisconsin,147.2,3,2008,2011,907.0,1489.0,,11720.0,109.0,,1930.0,13141.0,133.0,,8.4,,234.4,6.8
Dane Evans,Tulsa,,3,2013,2016,904.0,1577.0,,11680.0,84.0,47.0,1821.0,11752.0,94.0,,,,253.9,
Max Hall,Brigham Young,151.1,2,2007,2009,903.0,1382.0,65.3,11365.0,94.0,40.0,1571.0,11569.0,101.0,8.2,8.3,,291.4,7.4
Riley Skinner,Wake Forest,,3,2006,2009,903.0,1349.0,66.9,9762.0,,,1636.0,9923.0,,,,,,
Tajh Boyd,Clemson,155.2,3,2010,2013,901.0,1402.0,64.3,11904.0,107.0,,1907.0,13069.0,133.0,8.5,8.8,,253.3,6.9
Brian McClure,Bowling Green State,,3,1982,1985,900.0,1427.0,63.1,10280.0,,58.0,1630.0,9774.0,,,,,233.6,
Spencer Rattler,South Carolina,152.2,4,2019,2023,900.0,1313.0,68.5,10807.0,77.0,,1610.0,11217.0,93.0,8.2,8.3,,,7.0
Matt Linehan,Idaho,,3,2014,2017,899.0,1465.0,61.4,10772.0,,43.0,1801.0,11094.0,,,,,244.8,
Sean Renfree,Duke,,3,2009,2012,898.0,1389.0,64.7,9465.0,,40.0,1542.0,,,,,,,
Chris Leak,Florida,,3,2003,2006,895.0,1458.0,61.4,11213.0,88.0,42.0,1769.0,11350.0,101.0,,,,,
Carson Palmer,USC,,4,1998,2002,895.0,1515.0,,11388.0,71.0,49.0,1758.0,11289.0,80.0,,,,,
Sefo Liufau,Colorado,,3,2013,2016,888.0,1412.0,62.9,9763.0,,,1793.0,10702.0,,,,,,
John Beck,Brigham Young,,3,2003,2006,885.0,1418.0,62.4,11021.0,79.0,,1685.0,11059.0,88.0,,,,256.3,
Charlie Brewer,Liberty,,5,2017,2022,884.0,1396.0,63.3,10236.0,68.0,,1867.0,11314.0,90.0,,,,,
Drew Lock,Missouri,,3,2015,2018,883.0,1553.0,,12193.0,99.0,,1756.0,12630.0,109.0,,,13.8,243.9,7.2
Gino Guidugli,Cincinnati,,3,2001,2004,880.0,1556.0,,11453.0,78.0,48.0,1791.0,11661.0,83.0,,,,243.7,
Riley Neal,Vanderbilt,,4,2015,2019,880.0,1477.0,,,,,1855.0,10399.0,,,,,,
Cody Fajardo,Nevada,,3,2011,2014,878.0,1348.0,65.1,9659.0,,,1984.0,13141.0,101.0,,,,,6.6
Thaddeus Lewis,Duke,,3,2006,2009,877.0,1510.0,,10065.0,67.0,40.0,1860.0,9987.0,,,,,,
Tim Lester,Western Michigan,,3,1996,1999,875.0,1507.0,,11299.0,87.0,49.0,1747.0,11272.0,91.0,,,,256.8,
David Blough,Purdue,,3,2015,2018,871.0,1429.0,,9734.0,69.0,43.0,1693.0,9996.0,83.0,,,,,
Erik Wilhelm,Oregon State,,3,1985,1988,870.0,1480.0,,9393.0,,61.0,1689.0,,,,,,,
Peyton Manning,Tennessee,147.1,3,1994,1997,863.0,1381.0,62.5,11201.0,89.0,,1534.0,11020.0,101.0,8.1,8.3,,248.9,7.2
Mike White,Western Kentucky,,4,2013,2017,863.0,1393.0,62.0,11262.0,74.0,,1529.0,10792.0,80.0,8.1,8.1,,256.0,7.1
Jared Lorenzen,Kentucky,,3,2000,2003,862.0,1514.0,,10354.0,78.0,41.0,1793.0,10637.0,90.0,,,,240.8,
Layne Hatcher,Ball State,,4,2019,2023,860.0,1386.0,62.0,10662.0,88.0,,1628.0,10465.0,92.0,,,,,
Dorian Thompson-Robinson,UCLA,145.6,4,2018,2022,860.0,1359.0,63.3,10710.0,88.0,,1830.0,12536.0,116.0,,,,,6.9
Patrick Mahomes,Texas Tech,152.0,2,2014,2016,857.0,1349.0,63.5,11252.0,93.0,,1657.0,12072.0,115.0,8.3,8.8,,351.6,7.3
Jack Plummer,Louisville,,4,2019,2023,857.0,1338.0,64.1,9728.0,68.0,,1593.0,9710.0,,,,,,
Ben Roethlisberger,Miami (OH),151.3,2,2001,2003,854.0,1304.0,65.5,10829.0,84.0,,1573.0,11075.0,91.0,8.3,8.4,,285.0,7.0
Carson Strong,Nevada,147.4,3,2018,2021,852.0,1252.0,68.1,9368.0,74.0,,,,,,,,292.8,
Cody Kessler,USC,156.4,3,2012,2015,851.0,1261.0,67.5,10339.0,88.0,,,9914.0,95.0,8.2,8.9,,,7.0
Jordan Palmer,UTEP,,3,2003,2006,851.0,1427.0,,11084.0,88.0,64.0,1643.0,11041.0,95.0,,,,241.0,6.7
Tanner Mordecai,Wisconsin,148.7,5,2018,2023,850.0,1281.0,66.4,9857.0,85.0,,1519.0,10463.0,93.0,,8.1,,,6.9
David Greene,Georgia,,3,2001,2004,849.0,1440.0,,11528.0,72.0,,1644.0,11270.0,,,,,,6.9
Drew Willy,Buffalo,,3,2005,2008,849.0,1322.0,64.2,,,,1597.0,,,,,,,
Alex Brink,Washington State,,3,2004,2007,848.0,1451.0,,10913.0,76.0,43.0,1697.0,11011.0,82.0,,,,237.2,
Gunnar Watson,Troy,,5,2018,2023,846.0,1337.0,63.3,10275.0,,,1510.0,9848.0,,,,,,
Brennan Armstrong,North Carolina State,,5,2018,2023,845.0,1393.0,,10819.0,69.0,42.0,1899.0,12751.0,97.0,,,,,6.7
Alex Van Pelt,Pitt,,3,1989,1992,845.0,1463.0,,10913.0,,59.0,1570.0,10814.0,,,,,242.5,6.9
Paul Pinegar,Fresno State,,3,2002,2005,842.0,1405.0,,10136.0,84.0,49.0,1605.0,10145.0,92.0,,,,,
Davis Webb,California,,3,2013,2016,841.0,1367.0,61.5,9852.0,83.0,,,9752.0,92.0,,,,281.5,6.8
Ryan Schneider,UCF,,3,2000,2003,840.0,1354.0,62.0,10976.0,82.0,51.0,,10703.0,89.0,8.1,,,281.4,7.3
Eric Zeier,Georgia,,3,1991,1994,838.0,1402.0,,11153.0,67.0,,1560.0,10841.0,,,,,253.5,6.9
Brett Hundley,UCLA,150.8,2,2012,2014,837.0,1241.0,67.4,9966.0,75.0,,1720.0,11713.0,106.0,,8.3,,249.2,6.8
Ryan Griffin,Tulane,,3,2009,2012,836.0,1396.0,,,,,1545.0,,,,,,,
Brad Smith,Missouri,,3,2002,2005,835.0,1484.0,,,,,2283.0,13088.0,102.0,,,,,
Sean Clifford,Penn State,,4,2018,2022,833.0,1356.0,61.4,10661.0,86.0,,1744.0,11734.0,101.0,,8.1,,,6.7
Steve Stenstrom,Stanford,,3,1991,1994,833.0,1320.0,63.1,10531.0,72.0,,1541.0,9825.0,,,,,244.9,
Chase Clement,Rice,,3,2005,2008,832.0,1387.0,,9785.0,99.0,,1857.0,11526.0,125.0,,,,,
P.J. Walker,Temple,,3,2013,2016,831.0,1459.0,,10669.0,74.0,44.0,1801.0,11432.0,83.0,,,,,
Hank Bachmeier,Wake Forest,,5,2019,2024,830.0,1315.0,63.1,9976.0,,,1547.0,10135.0,,,,,232.0,
Trevone Boykin,TCU,,3,2012,2015,830.0,1356.0,61.2,10728.0,86.0,,1863.0,12777.0,114.0,,,,,6.9
Eli Manning,Ole Miss,,3,2000,2003,829.0,1363.0,,10119.0,81.0,,,9984.0,86.0,,,,235.3,6.7
Chad Henne,Michigan,,3,2004,2007,828.0,1387.0,,9715.0,87.0,,1567.0,,90.0,,,,,
Justin Herbert,Oregon,153.1,3,2016,2019,827.0,1293.0,64.0,10541.0,95.0,,1524.0,11101.0,108.0,8.2,8.8,,239.6,7.3
Aidan O'Connell,Purdue,,3,2019,2022,826.0,1238.0,66.7,9219.0,,,,,,,,,279.4,6.7
Steven Montez,Colorado,,3,2016,2019,824.0,1321.0,62.4,9710.0,,,1664.0,10670.0,,,,,,
Tanner Price,Wake Forest,,3,2010,2013,824.0,1451.0,,,,,1804.0,,,,,,,
Joe Licata,Buffalo,,3,2012,2015,823.0,1359.0,,9485.0,76.0,,,,80.0,,,,,
Ben Bennett,Duke,,3,1980,1983,820.0,1375.0,,9614.0,,57.0,1582.0,,,,,,228.9,
Bret Meyer,Iowa State,,3,2004,2007,820.0,1414.0,,9499.0,,41.0,1923.0,10422.0,,,,,,
Seth Doege,Texas Tech,144.9,3,2009,2012,819.0,,69.0,,69.0,,,,,,,,278.6,6.7
Pete Thomas,Louisiana-Monroe,,4,2010,2014,817.0,1315.0,62.1,,,,1616.0,,,,,,,
Charlie Whitehurst,Clemson,,3,2002,2005,817.0,1368.0,,9665.0,,46.0,1634.0,9763.0,,,,,,
Deshaun Watson,Clemson,157.5,2,2014,2016,814.0,1207.0,67.4,10163.0,90.0,,1642.0,12097.0,116.0,8.4,8.7,,267.4,7.4
Andy Dalton,TCU,,3,2007,2010,812.0,1317.0,61.7,10314.0,71.0,,1730.0,11925.0,93.0,,,,,6.9
Desmond Ridder,Cincinnati,145.8,3,2018,2021,810.0,1304.0,62.1,10239.0,87.0,,1806.0,12418.0,117.0,,8.2,,,6.9
Paul Smith,Tulsa,149.4,4,2003,2007,808.0,1292.0,62.5,10936.0,83.0,,1620.0,11602.0,111.0,8.5,8.5,,232.7,7.2
Danny Wimprine,Memphis,,3,2001,2004,808.0,1469.0,,10215.0,81.0,49.0,1748.0,10634.0,93.0,,,,,
Walter Church,Eastern Michigan,,4,1996,2000,807.0,1441.0,,9142.0,,46.0,1657.0,,,,,,,
Matt Leinart,USC,159.5,2,2003,2005,807.0,1245.0,64.8,10693.0,99.0,,,10623.0,109.0,8.6,9.3,,274.2,7.7
Chad Pennington,Marshall,156.2,2,1997,1999,807.0,1265.0,63.8,10698.0,100.0,,,10716.0,104.0,8.5,9.0,,297.2,7.5
Matt Ryan,Boston College,,3,2004,2007,807.0,1347.0,,9313.0,,,1515.0,,,,,,,
Alex McGough,Florida International,,3,2014,2017,806.0,1335.0,,,,,1643.0,,81.0,,,,,
Peyton Ramsey,Northwestern,,3,2017,2020,805.0,1234.0,65.2,,,,1618.0,,,,,,,
Kellen Mond,Texas A&M,,3,2017,2020,801.0,1358.0,,9661.0,71.0,,1796.0,11269.0,93.0,,,,,
Robert Griffin III,Baylor,158.9,3,2008,2011,800.0,,67.1,10366.0,78.0,,1720.0,12620.0,111.0,8.7,9.4,,252.8,7.3
Rudy Carpenter,Arizona State,,3,2005,2008,799.0,1309.0,,10491.0,81.0,,1580.0,10196.0,83.0,,8.0,,,
Troy Kopp,Pacific,,3,1989,1992,798.0,1374.0,,10258.0,87.0,47.0,1596.0,10025.0,90.0,,,,256.5,
Patrick Ramsey,Tulane,,3,1998,2001,798.0,1355.0,,9205.0,72.0,51.0,1507.0,,,,,,263.0,
Tim Couch,Kentucky,,2,1996,1998,795.0,,67.1,,74.0,,,,,,,,290.9,
Steven Jyles,Louisiana-Monroe,,3,2002,2005,795.0,1473.0,,,,43.0,1909.0,10234.0,,,,,,
T.J. Yates,North Carolina,,3,2007,2010,795.0,1277.0,62.3,9377.0,,46.0,1497.0,,,,,,,
Brady White,Memphis,152.6,4,2016,2020,794.0,1281.0,62.0,10949.0,92.0,,,10926.0,99.0,8.5,8.9,13.8,248.8,7.5
Chris Reynolds,Charlotte,146.3,4,2018,2022,793.0,1273.0,62.3,10266.0,84.0,,1648.0,11153.0,97.0,8.1,8.1,,,6.8
Cody Pickett,Washington,,4,1999,2003,792.0,1373.0,,9916.0,,42.0,1622.0,9730.0,,,,,260.9,
Bryant Moniz,Hawaii,144.2,2,2009,2011,791.0,1271.0,62.2,10169.0,75.0,,,10681.0,88.0,,8.1,,299.1,7.2
Ryan Nassib,Syracuse,,3,2009,2012,791.0,1312.0,,9190.0,70.0,,1554.0,,,,,,,
Ryan Radcliff,Central Michigan,,3,2009,2012,791.0,1347.0,,9922.0,,44.0,,9770.0,,,,,,
Cameron Ward,Miami (FL),145.9,2,2022,2024,791.0,,66.1,9187.0,68.0,,,,84.0,,8.0,,296.4,
Andre Woodson,Kentucky,,3,2004,2007,791.0,1278.0,61.9,9360.0,79.0,,1510.0,,84.0,,,,,
Dominique Davis,East Carolina,,3,2008,2011,790.0,1241.0,63.7,,68.0,,,,84.0,,,,255.9,
Justice Hansen,Arkansas State,146.5,2,2016,2018,788.0,1261.0,62.5,10133.0,83.0,,1608.0,11097.0,97.0,,8.2,,266.7,6.9
Adrian Martinez,Kansas State,,4,2018,2022,788.0,1239.0,63.6,9752.0,,,1858.0,12680.0,96.0,,,,,6.8
Eric Dungey,Syracuse,,3,2015,2018,786.0,1279.0,61.5,9340.0,,,1822.0,11333.0,93.0,,,,239.5,
Spence Fischer,Duke,,3,1992,1995,786.0,1369.0,,,,46.0,1612.0,,,,,,,
Willie Tuitama,Arizona,,3,2005,2008,786.0,1276.0,61.6,9211.0,67.0,,,,,,,,230.3,
Spencer Sanders,Ole Miss,,4,2019,2023,784.0,1282.0,,9831.0,70.0,40.0,1786.0,11832.0,88.0,,,,,6.6
Ben Hicks,Arkansas,,3,2016,2019,783.0,1403.0,,9819.0,73.0,,1564.0,9725.0,,,,,,
Jason McKinley,Houston,,3,1997,2000,783.0,1385.0,,,,47.0,1530.0,,,,,,,
Graham Mertz,Florida,,5,2019,2024,782.0,1210.0,64.6,,,,,,,,,,,
Teddy Bridgewater,Louisville,157.2,2,2011,2013,781.0,,68.4,9817.0,72.0,,,9987.0,,8.6,8.9,,251.7,7.3
Brian Brohm,Louisville,157.9,3,2004,2007,780.0,,65.8,10775.0,71.0,,,10819.0,80.0,9.1,9.4,13.8,244.9,8.0
Nathan Enderle,Idaho,,3,2007,2010,779.0,1427.0,,10084.0,74.0,60.0,1655.0,9735.0,,,,,,
Marcus Mariota,Oregon,171.8,2,2012,2014,779.0,,66.8,10796.0,105.0,,1504.0,13033.0,136.0,9.3,10.5,13.9,263.3,8.7
D.J. Uiagalelei,Florida State,,4,2020,2024,779.0,1332.0,,9384.0,,,1712.0,10508.0,82.0,,,,,
Devin Leary,Kentucky,,4,2019,2023,777.0,1315.0,,9553.0,87.0,,,,93.0,,,,,
Drew Plitt,Ball State,,4,2017,2021,777.0,1246.0,62.4,,68.0,,1568.0,,82.0,,,,,
Andrew Walter,Arizona State,,3,2001,2004,777.0,1416.0,,10617.0,85.0,,1591.0,10142.0,85.0,,,13.7,,
Casey Clausen,Tennessee,,3,2000,2003,775.0,1270.0,,9707.0,75.0,,1499.0,,81.0,,,,,
Nathan Scheelhaase,Illinois,,3,2010,2013,775.0,1231.0,63.0,,,,1845.0,10634.0,,,,,,
John Elway,Stanford,,3,1979,1982,774.0,1246.0,62.1,9349.0,77.0,,1505.0,,82.0,,,,,
Davis Brin,Georgia Southern,,5,2018,2023,773.0,1242.0,62.2,9431.0,,43.0,,,,,,,241.8,
JT Daniels,Rice,,5,2018,2023,770.0,1224.0,62.9,9390.0,,,,,,,,,229.0,6.7
J.T. Barrett,Ohio State,152.3,3,2014,2017,769.0,1211.0,63.5,9434.0,104.0,,1867.0,12697.0,147.0,,8.4,,,6.8
Alex Carder,Western Michigan,,3,2009,2012,769.0,1215.0,63.3,,74.0,,1500.0,,84.0,,,,,
Derek Anderson,Oregon State,,3,2001,2004,768.0,1515.0,,11249.0,79.0,57.0,1697.0,10716.0,87.0,,,14.6,229.6,
Kenny Hill,TCU,,4,2013,2017,768.0,,64.9,9192.0,,,,10319.0,81.0,,,,241.9,7.0
Rusty Smith,Florida Atlantic,,3,2006,2009,768.0,1361.0,,10112.0,76.0,,,9777.0,81.0,,,,,6.6
Casey Bramlet,Wyoming,,3,2000,2003,767.0,1378.0,,9684.0,,48.0,1674.0,,,,,,242.1,
Brandon Weeden,Oklahoma State,157.6,3,2008,2011,767.0,,69.5,9260.0,75.0,,,,,8.4,8.7,,308.7,8.0
Bruce Gradkowski,Toledo,157.4,3,2002,2005,766.0,,68.2,9225.0,85.0,,,10243.0,99.0,8.2,8.6,,,7.5
James Blackman,Arkansas State,,5,2017,2022,765.0,1246.0,61.4,9260.0,,,1501.0,,,,,,,
Daniel Jones,Duke,,2,2016,2018,764.0,1275.0,,,,,1681.0,,,,,,,
Grayson McCall,North Carolina State,174.7,5,2019,2024,763.0,,69.6,10523.0,91.0,,,11689.0,109.0,9.6,10.6,13.8,,8.0
David Neill,Nevada,,3,1998,2001,763.0,1376.0,,10903.0,73.0,,1727.0,11664.0,87.0,,,14.3,272.6,6.8
Payton Thorne,Auburn,,4,2020,2024,763.0,1254.0,,9486.0,75.0,40.0,1609.0,10418.0,86.0,,,,,
Gardner Minshew,Washington State,,2,2016,2018,761.0,,65.2,,,,,,,,,,275.5,
John Wolford,Wake Forest,,3,2014,2017,761.0,1273.0,,,,41.0,1720.0,9914.0,,,,,,
J'mar Smith,Louisiana Tech,,3,2016,2019,759.0,1280.0,,9523.0,,,1607.0,10400.0,,,,,,
Logan Woodside,Toledo,162.9,4,2013,2017,759.0,,65.1,10514.0,93.0,,,10602.0,97.0,9.0,9.6,13.9,239.0,8.1
Trevor Lawrence,Clemson,164.3,2,2018,2020,758.0,,66.6,10098.0,90.0,,,11041.0,108.0,8.9,9.8,,252.5,8.1
Paxton Lynch,Memphis,,2,2013,2015,758.0,1205.0,62.9,,,,,,,,,,233.2,
Caleb Evans,Louisiana-Monroe,,3,2016,2019,757.0,1252.0,,9513.0,,,1720.0,11681.0,94.0,,,,,6.8
Keith Price,Washington,,3,2010,2013,757.0,,64.0,,75.0,,,,85.0,,,,,
Kyle Vantrease,Georgia Southern,,5,2017,2022,757.0,1257.0,,,,,,,,,,,,6.7
Kurtis Rourke,Indiana,153.3,5,2019,2024,756.0,,67.3,9403.0,,,,10275.0,,8.4,8.8,,,7.5
Taylor Lamb,Appalachian State,145.9,3,2014,2017,754.0,1240.0,,9786.0,90.0,,1570.0,11795.0,113.0,,8.2,,,7.5
Brett Smith,Wyoming,,3,2011,2014,751.0,1212.0,62.0,,76.0,,1590.0,10365.0,97.0,,,,,
Kyle Orton,Purdue,,3,2001,2004,748.0,1262.0,,,,,1524.0,,,,,,,
Bo Wallace,Ole Miss,,2,2012,2014,747.0,,63.0,9534.0,,41.0,1581.0,10478.0,82.0,8.0,,,244.5,6.6
Greg Ward Jr.,Houston,144.5,3,2013,2016,747.0,,67.5,,,,1664.0,11080.0,93.0,,,,,6.7
Brogan Roback,Eastern Michigan,,4,2013,2017,745.0,1284.0,,,,,,,,,,,,
John Navarre,Michigan,,3,2000,2003,744.0,1327.0,,,70.0,,,,,,,,,
Brayden Schager,Hawaii,,3,2021,2024,742.0,1237.0,,,,,,,,,,,,
Jake Haener,Fresno State,156.2,4,2018,2022,740.0,,68.2,,68.0,,,,,8.4,8.9,,276.4,7.2
Colin Kaepernick,Nevada,,3,2007,2010,740.0,1271.0,,10098.0,82.0,,1871.0,14210.0,142.0,,8.4,13.6,,7.6
Max Duggan,TCU,,3,2019,2022,739.0,1225.0,,9618.0,73.0,,1713.0,11474.0,101.0,,8.0,,,6.7
Tyler Jones,Texas State,,3,2013,2016,739.0,,62.4,,,,1671.0,,,,,,,
Chase Brice,Appalachian State,,4,2018,2022,736.0,1227.0,,9451.0,73.0,,,9999.0,82.0,,,,,6.7
Tino Sunseri,Pitt,,3,2009,2012,736.0,,64.5,,,,,,,,,,,
Jack Trudeau,Illinois,,4,1981,1985,736.0,,63.9,,,,,,,,,,,
Ryan Hart,Rutgers,,3,2002,2005,735.0,1217.0,,,,52.0,,,,,,,,
Jeremy Leach,New Mexico,,3,1988,1991,735.0,1432.0,,9382.0,,62.0,1695.0,,,,,,,
Caleb Williams,USC,169.3,2,2021,2023,735.0,,66.9,10082.0,93.0,,,11048.0,120.0,9.2,10.3,13.7,272.5,8.0
Dak Prescott,Mississippi State,146.0,3,2012,2015,734.0,,62.8,9376.0,70.0,,1705.0,11897.0,114.0,,8.3,,,7.0
Erik Ainge,Tennessee,,3,2004,2007,733.0,1210.0,,,72.0,,,,,,,,,
Taylor Potts,Texas Tech,,3,2007,2010,733.0,,66.3,,,,,,,,,,,
Spencer Keith,Kent State,,3,2009,2012,732.0,1316.0,,,,40.0,1548.0,,,,,,,
G.J. Kinne,Tulsa,144.8,2,2009,2011,732.0,,61.3,9472.0,81.0,,1629.0,10831.0,96.0,,8.1,,249.3,6.6
Tyler Tettleton,Ohio,,4,2009,2013,732.0,,62.4,9129.0,67.0,,1521.0,10039.0,83.0,,,,,
Kevin Sweeney,Fresno State,,4,1982,1986,731.0,1336.0,,10623.0,,48.0,1700.0,10252.0,,,,14.5,,
Mark Herrmann,Purdue,,3,1977,1980,729.0,1242.0,,9354.0,,75.0,,,,,,,,
Michael Pratt,Tulane,148.0,3,2020,2023,729.0,,,9602.0,90.0,,1650.0,10747.0,119.0,,8.5,,,
Ian Book,Notre Dame,147.0,4,2016,2020,728.0,,63.8,,72.0,,1501.0,10466.0,89.0,,8.3,,,7.0
Brad Tayles,Western Michigan,,0,0,0,,1370.0,,,,67.0,1675.0,,,,,,,
Reggie Ball,Georgia Tech,,0,0,0,,1363.0,,,,55.0,1858.0,,,,,,,
T.J. Rubley,Tulsa,,0,0,0,,1336.0,,9324.0,73.0,54.0,1541.0,,,,,13.7,,
Jason Martin,Louisiana Tech,,0,0,0,,1320.0,,,,55.0,,,,,,,,
Kyle Boller,California,,0,0,0,,1301.0,,,,48.0,1576.0,,,,,,,
Glenn Foley,Boston College,,0,0,0,,1275.0,,10039.0,72.0,60.0,,9719.0,,,,14.3,,6.7
Doug Flutie,Boston College,,0,0,0,,1271.0,,10579.0,67.0,54.0,1558.0,11318.0,,8.3,,15.6,240.4,7.3
Jose Fuentes,Utah State,,0,0,0,,1270.0,,9168.0,,43.0,,,,,,,254.7,
Todd Ellis,South Carolina,,0,0,0,,1266.0,,9519.0,,66.0,1517.0,,,,,,232.2,
Kyle Shurmur,Vanderbilt,,0,0,0,,1264.0,,,,,,,,,,,,
David Klingler,Houston,,0,0,0,,1261.0,,9430.0,91.0,,,,93.0,,,,294.7,
Cody Hawkins,Colorado,,0,0,0,,1253.0,,,,43.0,,,,,,,,
Brian Lewerke,Michigan State,,0,0,0,,1249.0,,,,,1595.0,,,,,,,
Logan Thomas,Virginia Tech,,0,0,0,,1248.0,,,,,1743.0,10362.0,,,,,,
Jake Delhomme,Louisiana,,0,0,0,,1246.0,,9216.0,,57.0,,,,,,14.1,,
Darrell Hackney,UAB,,0,0,0,,1246.0,,9886.0,71.0,,1501.0,9978.0,,,,14.2,241.1,6.6
Gary Nova,Rutgers,,0,0,0,,1245.0,,9258.0,73.0,51.0,,,,,,,,
Jamie Barnette,North Carolina State,,0,0,0,,1243.0,,9461.0,,40.0,1559.0,9638.0,,,,14.9,,
Jay Cutler,Vanderbilt,,0,0,0,,1242.0,,,,,1695.0,9953.0,,,,,,
Chase Rettig,Boston College,,0,0,0,,1242.0,,,,,,,,,,,,
Stoney Case,New Mexico,,0,0,0,,1237.0,,9460.0,67.0,,1673.0,10651.0,98.0,,,14.0,,
Christian Hackenberg,Penn State,,0,0,0,,1235.0,,,,,,,,,,,,
Stan White,Auburn,,0,0,0,,1231.0,,,,52.0,,,,,,,,
Brian Kuklick,Wake Forest,,0,0,0,,1230.0,,,,49.0,,,,,,,,
Matt Schilz,Bowling Green State,,0,0,0,,1225.0,,,,,,,,,,,,
James Morgan,Florida International,,0,0,0,,1221.0,,,,,,,,,,,,
Shawn Jones,Georgia Tech,,0,0,0,,1217.0,,,,50.0,1609.0,,,,,,,
Trace McSorley,Penn State,144.5,0,0,0,,1215.0,,9899.0,77.0,,1688.0,11596.0,107.0,8.1,8.5,13.7,,6.9
Steve Taneyhill,South Carolina,,0,0,0,,1209.0,,,,,,,,,,,,
Kurt Kittner,Illinois,,0,0,0,,1205.0,,,,,,,,,,,,
Joe Burrow,LSU,172.4,0,0,0,,,68.8,,78.0,,,9672.0,91.0,9.4,10.5,13.6,,8.0
David Fales,San Jose State,161.7,0,0,0,,,68.1,,,,,,,8.9,9.3,,335.3,8.0
Sam Bradford,Oklahoma,175.6,0,0,0,,,67.6,,88.0,,,,93.0,9.4,10.6,13.9,271.1,8.7
Matt Corral,Ole Miss,159.2,0,0,0,,,67.3,,,,,,,9.1,9.2,,,7.7
Andrew Luck,Stanford,162.8,0,0,0,,,67.0,9430.0,82.0,,,10387.0,89.0,8.9,9.5,,248.2,8.5
Matt Schaub,Virginia,,0,0,0,,,67.0,,,,,,,,,,,
Hendon Hooker,Tennessee,172.2,0,0,0,,,66.9,,80.0,,,11053.0,105.0,9.5,10.6,14.2,,7.6
E.J. Manuel,Florida State,150.4,0,0,0,,,66.9,,,,,,,8.6,8.3,,,7.2
A.J. McCarron,Alabama,162.5,0,0,0,,,66.9,,77.0,,,,80.0,8.8,9.6,,,7.8
Brady Cook,Missouri,,0,0,0,,,66.6,,,,,,,,,,,6.7
Bryn Renner,North Carolina,151.2,0,0,0,,,66.5,,,,,,,8.2,8.3,,234.9,7.0
Tim Tebow,Florida,170.8,0,0,0,,,66.4,9285.0,88.0,,1687.0,12232.0,145.0,9.3,10.4,14.0,,7.3
Mikey Keene,Fresno State,,0,0,0,,,66.4,,,,,,,,,,,
Scott Milanovich,Maryland,,0,0,0,,,66.2,,,,,,,,,,,
Brian Johnson,Utah,144.2,0,0,0,,,66.2,,,,,,,,,,,
Clint Marks,Middle Tennessee State,,0,0,0,,,66.0,,,,,,,,,,,
Kevin Hogan,Stanford,154.6,0,0,0,,,65.9,9385.0,75.0,,,10634.0,91.0,8.5,8.7,,,7.5
Bryce Young,Alabama,165.0,0,0,0,,,65.8,,80.0,,,,87.0,8.8,9.9,,238.7,7.8
Will Grier,West Virginia,165.1,0,0,0,,,65.8,,81.0,,,,88.0,9.0,9.7,13.8,305.6,8.0
Daunte Culpepper,UCF,153.1,0,0,0,,,65.7,9341.0,72.0,,,10344.0,91.0,8.5,8.5,,283.1,7.0
Blake Bortles,UCF,153.8,0,0,0,,,65.7,,,,,,,8.5,8.8,,,7.5
Matt Johnson,Bowling Green State,160.4,0,0,0,,,65.4,,73.0,,,,82.0,8.8,9.6,,239.1,7.4
Jalen Hurts,Oklahoma,162.7,0,0,0,,,65.2,9477.0,80.0,,1660.0,12751.0,124.0,9.1,9.7,13.9,,7.7
Steve Young,Brigham Young,149.8,0,0,0,,,65.2,,,,,,,8.5,8.1,,,7.5
Stetson Bennett,Georgia,160.9,0,0,0,,,65.1,,,,,,81.0,9.1,9.5,14.0,,8.4
Jaxson Dart,Ole Miss,156.6,0,0,0,,,65.0,9791.0,,,,10993.0,,9.0,9.3,13.9,257.7,7.9
Drake Maye,North Carolina,154.1,0,0,0,,,64.9,,,,,,,8.4,9.0,,267.3,7.4
Rob Johnson,USC,144.4,0,0,0,,,64.7,,,,,,,8.0,,,,
Chuck Long,Iowa,147.8,0,0,0,,,64.6,9210.0,,46.0,,,,8.6,,,,
K.J. Jefferson,UCF,153.2,0,0,0,,,64.5,,74.0,,1654.0,10992.0,97.0,8.3,8.8,,,6.6
Rich Campbell,California,,0,0,0,,,64.4,,,42.0,,,,,,,,
Jordan McCloud,Texas State,146.3,0,0,0,,,64.4,,73.0,,,,89.0,,,,,6.6
Ben Bryant,Northwestern,,0,0,0,,,64.3,,,,,,,,,,,
Kirk Cousins,Michigan State,146.1,0,0,0,,,64.1,9131.0,,,,,,8.1,8.1,,,7.3
Terrance Broadway,Louisiana,144.9,0,0,0,,,64.0,,,,,9921.0,,8.3,,,,7.2
Chandler Rogers,California,144.2,0,0,0,,,64.0,,,,,,,,8.1,,,
Robbie Bosco,Brigham Young,149.4,0,0,0,,,64.0,,,,,,,8.4,8.1,,233.3,7.2
Billy Blanton,San Diego State,157.1,0,0,0,,,63.9,,67.0,,,,,8.9,9.1,13.9,,7.2
Sam Howell,North Carolina,164.2,0,0,0,,,63.8,10283.0,92.0,,,11292.0,111.0,9.2,9.9,14.4,277.9,7.6
Tyler Van Dyke,Wisconsin,145.1,0,0,0,,,63.7,,,,,,,8.1,8.1,,,7.2
Mike Maxwell,Nevada,148.5,0,0,0,,,63.6,,,,,,,8.2,,,315.5,
Jayden De Laura,Arizona,145.1,0,0,0,,,63.4,,,,,,,8.1,,,242.5,7.2
Jason White,Oklahoma,152.7,0,0,0,,,63.3,,81.0,,,,83.0,,8.5,,,7.1
Taylor Kelly,Arizona State,147.7,0,0,0,,,63.3,,79.0,,1528.0,10223.0,92.0,,8.2,,,6.7
Jake Fromm,Georgia,156.1,0,0,0,,,63.2,,78.0,,,,81.0,8.4,9.1,,,7.4
Josh Heupel,Oklahoma,,0,0,0,,,63.2,,,,,,,,,,297.9,
Manny Wilkins,Arizona State,,0,0,0,,,63.2,,,,1499.0,9659.0,,,,,,
Austin Reed,Western Kentucky,144.2,0,0,0,,,63.2,,71.0,,,,84.0,,,,311.0,7.0
Riley Ferguson,Memphis,157.1,0,0,0,,,63.1,,70.0,,,,80.0,8.7,9.3,13.7,306.0,7.6
Tommy Devito,Illinois,,0,0,0,,,63.1,,,,,,,,,,,
Jason Verduzco,Illinois,,0,0,0,,,63.1,,,,,,,,,,,
D'Eriq King,Miami (FL),150.5,0,0,0,,,63.1,,76.0,,,10433.0,112.0,,8.6,,,7.1
Emory Jones,Cincinnati,,0,0,0,,,63.1,,,,,,,,,,,
Terrance Owens,Toledo,,0,0,0,,,63.1,,,,,,,,,,,7.1
Zac Thomas,Appalachian State,147.0,0,0,0,,,63.0,,69.0,,,,89.0,,8.0,,,6.9
Marcus McMaryion,Fresno State,,0,0,0,,,63.0,,,,,,,,8.1,,,7.4
Chuckie Keeton,Utah State,,0,0,0,,,62.9,,,,,,,,,,,
K.J. Costello,Mississippi State,,0,0,0,,,62.9,,,,,,,,,,,
Carter Bradley,South Alabama,,0,0,0,,,62.9,,,,,,,,,,,6.7
Andy Schmitt,Eastern Michigan,,0,0,0,,,62.8,,,,,,,,,,,
Darren Grainger,Georgia State,144.5,0,0,0,,,62.7,,,,,,,,8.1,,,6.7
Ryan Dinwiddie,Boise State,168.9,0,0,0,,,62.7,9819.0,82.0,,,9924.0,100.0,9.9,10.6,15.8,233.8,8.3
Malik Cunningham,Louisville,151.7,0,0,0,,,62.6,9664.0,70.0,,1724.0,12843.0,120.0,8.7,8.8,14.0,,7.4
Jimmy Clausen,Notre Dame,,0,0,0,,,62.6,,,,,,,,,,232.8,
Andrew Ford,Massachusetts,,0,0,0,,,62.6,,,,,,,,,,239.8,
Tyler Wilson,Arkansas,,0,0,0,,,62.6,,,,,,,8.2,8.1,,,7.3
Matt Grothe,South Florida,,0,0,0,,,62.5,,,44.0,1693.0,10875.0,,,,,,
Austyn Carta-Samuels,Vanderbilt,,0,0,0,,,62.4,,,,,,,,,,,
Skylar Thompson,Kansas State,,0,0,0,,,62.4,,,,,,,8.1,8.2,,,6.6
Chase Garbers,California,,0,0,0,,,62.4,,,,,,,,,,,
Jared Zabransky,Boise State,145.0,0,0,0,,,62.2,,,,,,89.0,8.4,,,,6.9
Grant Wells,Virginia Tech,,0,0,0,,,62.2,,,,,,,,,,,
Tanner Morgan,Minnesota,151.0,0,0,0,,,62.2,9454.0,,,,,,8.9,8.8,14.3,,7.4
James Franklin,Missouri,,0,0,0,,,62.1,,,,,,,,,,,
Jordan Travis,Florida State,150.6,0,0,0,,,62.0,,,,,10665.0,98.0,8.5,8.9,13.7,,7.4
Mike McCoy,Utah,,0,0,0,,,62.0,,,,,,,,,,,
Nick Stevens,Colorado State,148.7,0,0,0,,,61.9,,70.0,,,,,8.3,8.5,,,7.6
Chandler Harnish,Northern Illinois,145.1,0,0,0,,,61.9,,68.0,,1648.0,11927.0,92.0,8.1,8.2,,,7.2
Nick Arbuckle,Georgia State,144.2,0,0,0,,,61.9,,,,,,,8.4,8.1,,306.0,7.2
Garrett Grayson,Colorado State,145.3,0,0,0,,,61.8,9190.0,,,,,,8.3,8.3,,248.4,7.1
Christian Ponder,Florida State,,0,0,0,,,61.8,,,,,,,,,,,
Darrell Bevell,Wisconsin,,0,0,0,,,61.8,,,,,,,,,,,
Joe Hamilton,Georgia Tech,148.2,0,0,0,,,61.7,,,,1521.0,10640.0,83.0,8.7,8.3,14.1,,7.0
Jake Rudock,Michigan,,0,0,0,,,61.7,,,,,,,,,,,
Jim McMahon,Brigham Young,156.9,0,0,0,,,61.6,9536.0,84.0,,,9723.0,94.0,9.0,9.1,14.6,,7.3
Wayne Peace,Florida,,0,0,0,,,61.6,,,40.0,,,,,,,,
Joshua Dobbs,Tennessee,,0,0,0,,,61.5,,,,,,87.0,,,,,
Andre Ware,Houston,,0,0,0,,,61.5,,75.0,,,,81.0,,,,303.8,6.7
Cole McDonald,Hawaii,146.8,0,0,0,,,61.4,,70.0,,,,82.0,,8.3,,243.4,7.1
McKenzie Milton,Florida State,146.4,0,0,0,,,61.3,9458.0,75.0,,,10524.0,95.0,8.2,8.4,,242.5,7.1
Marquise Williams,North Carolina,,0,0,0,,,61.3,,,,1510.0,10423.0,99.0,,,,,6.9
Jordan Love,Utah State,,0,0,0,,,61.2,,,,,,,,,,,7.0
Hayden Wolff,Western Michigan,,0,0,0,,,61.2,,,,,,,,,,,
Danny Wuerffel,Florida,163.6,0,0,0,,,,10875.0,114.0,42.0,,10500.0,122.0,9.3,9.6,15.4,236.4,7.7
Cade McNown,UCLA,,0,0,0,,,,10008.0,,,,10487.0,,8.7,8.2,15.5,,7.3
Brad Kaaya,Miami (FL),146.2,0,0,0,,,,9972.0,69.0,,,,,8.4,8.6,13.8,262.4,7.5
Chris Weinke,Florida State,151.1,0,0,0,,,,9839.0,79.0,,,,81.0,8.9,9.0,15.1,273.3,7.8
Ken Dorsey,Miami (FL),147.4,0,0,0,,,,9565.0,86.0,,,,88.0,8.3,8.7,14.3,233.3,7.8
Mike Teel,Rutgers,,0,0,0,,,,9383.0,,49.0,,,,8.2,,14.2,,7.7
Josh Rosen,UCLA,,0,0,0,,,,9341.0,,,,,,,,,311.4,7.2
Shane Matthews,Florida,,0,0,0,,,,9287.0,74.0,46.0,,,82.0,,,,273.1,
Nate Davis,Ball State,147.1,0,0,0,,,,9233.0,74.0,,,9732.0,85.0,8.2,8.7,13.6,236.7,7.5
Levi Lewis,Louisiana,144.4,0,0,0,,,,9203.0,74.0,,,10291.0,88.0,,8.4,,,7.0
Connor Cook,Michigan State,,0,0,0,,,,9194.0,71.0,,,,,,8.2,13.7,,7.0
Rex Grossman,Florida,146.7,0,0,0,,,,9164.0,77.0,,,,83.0,8.3,8.2,,261.8,7.3
Mac Jones,Alabama,197.6,0,0,0,,,,,,,,,,11.0,12.5,14.8,,
Tua Tagovailoa,Alabama,199.4,0,0,0,,,,,87.0,,,,96.0,10.9,12.7,15.7,,9.8
Kyler Murray,Oklahoma,181.3,0,0,0,,,,,,,,,,10.4,11.1,15.4,,
C.J. Stroud,Ohio State,182.4,0,0,0,,,,,85.0,,,,86.0,9.8,11.2,14.1,300.9,9.1
Bryce Petty,Baylor,166.0,0,0,0,,,,,,,,,83.0,9.7,10.6,15.5,,8.2
Jordan Ta'amu,Ole Miss,156.8,0,0,0,,,,,,,,,,9.5,9.6,14.7,280.0,
Steve Sarkisian,Brigham Young,162.0,0,0,0,,,,,,,,,,9.5,9.3,14.1,298.6,
Jameis Winston,Florida State,163.3,0,0,0,,,,,,,,,,9.4,9.4,14.2,295.0,8.3
Stefan Lefors,Louisville,159.8,0,0,0,,,,,,,,,,9.3,9.6,14.1,,
Justin Fields,Ohio State,178.8,0,0,0,,,,,67.0,,,,86.0,9.2,10.7,,,
Kaleb Eleby,Western Michigan,159.7,0,0,0,,,,,,,,,,9.2,9.8,14.5,253.5,
Dwayne Haskins,Ohio State,174.0,0,0,0,,,,,,,,,,9.1,10.3,,245.3,
Zach Wilson,Brigham Young,162.9,0,0,0,,,,,,,,,,9.1,9.7,,255.1,7.9
Danny White,Arizona State,148.8,0,0,0,,,,,,,,,,9.1,8.5,17.2,,
Carson Beck,Georgia,164.6,0,0,0,,,,,,,,,,9.1,9.6,,,
Jake Waters,Kansas State,155.6,0,0,0,,,,,,,,,,9.1,9.2,14.2,229.6,
Kyle Trask,Florida,168.5,0,0,0,,,,,69.0,,,,,9.1,10.0,,254.7,
Koy Detmer,Colorado,148.9,0,0,0,,,,,,,,,,9.1,8.5,15.4,,
Kaidon Salter,Liberty,160.9,0,0,0,,,,,,,,,,9.1,9.8,14.9,,
Johnny Manziel,Texas A&M,164.1,0,0,0,,,,,,,,9989.0,93.0,9.1,9.4,,300.8,8.3
J.J. Joe,Baylor,,0,0,0,,,,,,,,,,9.0,8.1,17.3,,
Seth Russell,Baylor,159.4,0,0,0,,,,,,,,,80.0,9.0,9.7,15.8,,
Vinny Testaverde,Miami (FL),152.9,0,0,0,,,,,,,,,,9.0,8.7,14.7,,
Marvin Graves,Syracuse,,0,0,0,,,,,,45.0,,,,9.0,,15.0,,
Trent Dilfer,Fresno State,151.2,0,0,0,,,,,,,,,,9.0,9.1,15.1,,
Jim Harbaugh,Michigan,149.5,0,0,0,,,,,,,,,,9.0,8.6,14.2,,
Donovan McNabb,Syracuse,155.1,0,0,0,,,,,77.0,,,9950.0,96.0,8.9,9.3,15.3,,7.1
John Dutton,Nevada,154.4,0,0,0,,,,,,,,,,8.9,9.3,14.0,252.6,
Alex Smith,Utah,164.4,0,0,0,,,,,,,,,,8.9,9.9,,,
Joe Germaine,Ohio State,155.4,0,0,0,,,,,,,,,,8.9,9.2,14.6,,
Josh Wallwork,Wyoming,152.7,0,0,0,,,,,,,,,,8.9,8.6,14.4,293.3,
Ryan Mallett,Arkansas,150.4,0,0,0,,,,,69.0,,,,,8.8,9.1,15.2,,7.6
Zach Mettenberger,LSU,148.4,0,0,0,,,,,,,,,,8.8,8.8,14.2,,
Joe Ganz,Nebraska,157.4,0,0,0,,,,,,,,,,8.8,8.9,,,
Scott Tolzien,Wisconsin,153.2,0,0,0,,,,,,,,,,8.8,8.5,,,
Chuck Hartlieb,Iowa,148.9,0,0,0,,,,,,,,,,8.8,8.6,13.6,,
J.J. McCarthy,Michigan,160.5,0,0,0,,,,,,,,,,8.7,9.4,,,
Shawn Moore,Virginia,,0,0,0,,,,,,,,,83.0,8.7,8.3,15.7,,6.7
Bailey Zappe,Western Kentucky,168.7,0,0,0,,,,,,,,,,8.7,9.8,,426.2,
Kyle McCord,Syracuse,156.5,0,0,0,,,,,,,,,,8.7,9.0,,,
Sam King,UNLV,,0,0,0,,,,,,,,,,8.7,,15.0,,
Greg McElroy,Alabama,155.4,0,0,0,,,,,,,,,,8.6,9.2,,,
Bobby Hoying,Ohio State,146.1,0,0,0,,,,,,,,,,8.6,8.1,14.6,,
Tyler Huntley,Utah,152.6,0,0,0,,,,,,,,,,8.6,8.6,,,6.8
Jaren Hall,Brigham Young,158.2,0,0,0,,,,,,,,,,8.6,9.4,,,
John Walsh,Brigham Young,147.6,0,0,0,,,,,,,,,,8.6,8.3,14.3,262.2,6.7
Dustin Crum,Kent State,157.1,0,0,0,,,,,,,,,80.0,8.6,9.2,,,7.1
Rick Mirer,Notre Dame,,0,0,0,,,,,,,,,,8.6,8.3,15.9,,
Brendon Kay,Cincinnati,151.9,0,0,0,,,,,,,,,,8.6,8.6,,,
Omar Jacobs,Bowling Green State,162.5,0,0,0,,,,,71.0,,,,,8.6,9.7,,277.5,
Jason Campbell,Auburn,148.2,0,0,0,,,,,,,,,,8.5,8.3,,,6.9
Sam Darnold,USC,153.7,0,0,0,,,,,,,,,,8.5,8.7,,267.7,7.7
Chad Kelly,Ole Miss,150.9,0,0,0,,,,,,,,,,8.5,8.6,,254.0,7.8
Jason Bean,Kansas,149.5,0,0,0,,,,,,,,,,8.5,8.4,14.4,,
Troy Smith,Ohio State,157.1,0,0,0,,,,,,,,,,8.5,9.3,13.6,,
Troy Aikman,UCLA,149.7,0,0,0,,,,,,,,,,8.5,8.5,,,
Jarrett Stidham,Auburn,151.4,0,0,0,,,,,,,,,,8.5,9.0,,,
Garrett Gabriel,Hawaii,,0,0,0,,,,,,,,,,8.5,,15.8,,
Moses Moreno,Colorado State,,0,0,0,,,,,,,,,,8.5,8.1,14.6,,
Scott McBrien,Maryland,,0,0,0,,,,,,,,,,8.5,8.3,15.7,,
Tyler Shough,Louisville,152.2,0,0,0,,,,,,,,,,8.5,8.7,,,
Shaun Carney,Air Force,146.9,0,0,0,,,,,,,,,,8.5,8.2,13.7,,
Rocco Becht,Iowa State,150.3,0,0,0,,,,,,,,,,8.5,8.7,,,
Don McPherson,Syracuse,,0,0,0,,,,,,,,,,8.5,8.1,15.8,,
Matt Sherman,Iowa,,0,0,0,,,,,,,,,,8.4,,14.3,,
Vince Young,Texas,144.9,0,0,0,,,,,,,,,81.0,8.4,,13.6,,7.8
Ryan Leaf,Washington State,,0,0,0,,,,,,,,,,8.4,8.6,15.6,229.1,
Cory Paus,UCLA,,0,0,0,,,,,,,,,,8.4,,15.6,,
Malik Willis,Liberty,153.1,0,0,0,,,,,,,,,,8.4,8.6,,,
Todd Centeio,James Madison,147.9,0,0,0,,,,,,,,,,8.4,8.7,13.7,,7.0
Dan McGwire,San Diego State,,0,0,0,,,,,,,,,,8.4,,14.2,,7.1
Mike Tomczak,Ohio State,,0,0,0,,,,,,,,,,8.4,,15.1,,
Denard Robinson,Michigan,,0,0,0,,,,,,,,10745.0,91.0,8.4,,14.6,,7.3
Nick Florence,Baylor,,0,0,0,,,,,,,,,,8.4,8.1,,,
Grant Hedrick,Boise State,153.7,0,0,0,,,,,,,,,,8.4,8.2,,,
Dylan Hopkins,New Mexico,,0,0,0,,,,,,,,,,8.4,,13.9,,
DeShone Kizer,Notre Dame,147.7,0,0,0,,,,,,,,,,8.3,8.5,13.7,232.4,
Tom Ramsey,UCLA,,0,0,0,,,,,,,,,,8.3,,14.2,,
Nathan Rourke,Ohio,146.4,0,0,0,,,,,,,,10093.0,111.0,8.3,8.7,14.2,,7.6
Lamar Jackson,Louisville,,0,0,0,,,,,69.0,,1741.0,13175.0,119.0,8.3,8.5,14.6,238.0,7.6
Zac Robinson,Oklahoma State,146.6,0,0,0,,,,,,,,10175.0,88.0,8.3,8.3,13.6,,7.1
Mitch Trubisky,North Carolina,157.6,0,0,0,,,,,,,,,,8.3,9.0,,,
Justin Holland,Colorado State,,0,0,0,,,,,,,,,,8.3,,,,
JaMarcus Russell,LSU,147.9,0,0,0,,,,,,,,,,8.3,8.4,,,
Austin Allen,Arkansas,,0,0,0,,,,,,,,,,8.3,,14.1,,
Casey Thompson,Oklahoma,152.4,0,0,0,,,,,,,,,,8.3,8.2,,,
Todd Collins,Michigan,146.5,0,0,0,,,,,,,,,,8.3,8.2,,,
Quinton Flowers,South Florida,146.5,0,0,0,,,,,71.0,,1579.0,11802.0,112.0,8.3,8.7,14.4,,7.5
Connor Shaw,South Carolina,155.9,0,0,0,,,,,,,,,,8.3,8.8,,,
Thad Busby,Florida State,,0,0,0,,,,,,,,,,8.3,,14.1,,
Stephen Morris,Miami (FL),,0,0,0,,,,,,,,,,8.3,,14.3,,7.5
Keith Smith,Arizona,,0,0,0,,,,,,,,,,8.3,,13.8,,
Kordell Stewart,Colorado,,0,0,0,,,,,,,,,,8.3,,14.2,,7.1
Quinn Ewers,Texas,150.3,0,0,0,,,,,,,,,,8.3,8.6,,244.1,
Joe Youngblood,Central Michigan,,0,0,0,,,,,,,,,,8.2,,14.3,,
Joe Milton,Tennessee,146.3,0,0,0,,,,,,,,,,8.2,8.6,,,
Mike Bobo,Georgia,,0,0,0,,,,,,,,,,8.2,,14.2,,
Gifford Nielsen,Brigham Young,145.2,0,0,0,,,,,,,,,,8.2,,14.0,,
Buck Pierce,New Mexico State,147.9,0,0,0,,,,,,,,,,8.2,8.3,,,
Aaron Rodgers,California,150.3,0,0,0,,,,,,,,,,8.2,8.6,,,
Noah Fifita,Arizona,152.7,0,0,0,,,,,,,,,,8.2,8.4,,,
Herb Tyler,LSU,,0,0,0,,,,,,,,,,8.2,,,,
Gunner Kiel,Cincinnati,145.5,0,0,0,,,,,,,,,,8.2,8.1,,235.7,
Jack Abraham,Missouri,146.3,0,0,0,,,,,,,,,,8.2,,,,
Jim Karsatos,Ohio State,,0,0,0,,,,,,,,,,8.2,,14.2,,
David Carr,Fresno State,150.7,0,0,0,,,,,,,,,,8.2,8.6,,,
Dan Persa,Northwestern,155.0,0,0,0,,,,,,,,,,8.2,8.3,,,
Chandler Morris,North Texas,151.2,0,0,0,,,,,,,,,,8.2,8.5,,,
Cale Gundy,Oklahoma,,0,0,0,,,,,,,,,,8.2,,14.6,,
Austin Aune,North Texas,,0,0,0,,,,,,,,,,8.2,8.0,15.0,,7.4
Tim Gutierrez,San Diego State,144.1,0,0,0,,,,,,,,,,8.2,,,,
Mike Fouts,Utah,,0,0,0,,,,,,,,,,8.2,8.1,14.3,232.1,
Diego Pavia,Vanderbilt,146.8,0,0,0,,,,,,,,,,8.2,8.6,13.8,,
Marc Wilson,Brigham Young,,0,0,0,,,,,,46.0,,,,8.2,,14.3,,
Marlon Adler,Missouri,,0,0,0,,,,,,44.0,,,,8.1,,15.1,,
Ricky Stanzi,Iowa,,0,0,0,,,,,,,,,,8.1,,13.6,,
Doug Gaynor,Long Beach State,,0,0,0,,,,,,,,,,8.1,,,308.8,
Tyrod Taylor,Virginia Tech,,0,0,0,,,,,,,,,,8.1,8.1,14.2,,6.7
Bryan Cupito,Minnesota,,0,0,0,,,,,,,,,,8.1,8.1,14.5,,
Matt Sauk,Utah State,,0,0,0,,,,,,,,,,8.1,,15.7,256.4,
Chuck Fusina,Penn State,,0,0,0,,,,,,,,,,8.1,,14.5,,
Jerry Tagge,Nebraska,,0,0,0,,,,,,,,,,8.1,,,,
Kyle Padron,SMU,,0,0,0,,,,,,,,,,8.1,,,245.9,
Mike Glass III,Eastern Michigan,149.6,0,0,0,,,,,,,,,,8.1,8.3,,,
Tommy Maddox,UCLA,,0,0,0,,,,,,,,,,8.1,,13.9,235.8,
Driphus Jackson,Rice,,0,0,0,,,,,,,,,,8.1,8.4,14.1,,
Tyler Bray,Tennessee,145.0,0,0,0,,,,,69.0,,,,,8.1,8.2,13.8,265.9,
Dylan Thompson,South Carolina,,0,0,0,,,,,,,,,,8.1,8.2,13.8,,
Kerry Collins,Penn State,,0,0,0,,,,,,,,,,8.1,,14.3,,
Anthony Gordon,Washington State,157.1,0,0,0,,,,,,,,,,8.1,8.3,,349.8,
Darron Thomas,Oregon,154.1,0,0,0,,,,,,,,,,8.1,8.8,,,
Jesse Freitas,San Diego State,,0,0,0,,,,,,,,,,8.1,,,,
Jay Barker,Alabama,,0,0,0,,,,,,,,,,8.1,,14.2,,
Craig Erickson,Miami (FL),,0,0,0,,,,,,,,,,8.1,,14.4,,
Ryan Higgins,Louisiana Tech,144.8,0,0,0,,,,,,,,,,8.1,,,,
Chris Rix,Florida State,,0,0,0,,,,,,40.0,,,,8.1,,14.6,,6.8
Devin Gardner,Michigan,,0,0,0,,,,,,,,,,8.1,,,,
Christian Chapman,San Diego State,144.1,0,0,0,,,,,,,,,,8.0,8.4,,,
Ryan Colburn,Fresno State,144.6,0,0,0,,,,,,,,,,8.0,,,,
Chris Robison,Florida Atlantic,,0,0,0,,,,,,,,,,8.0,8.0,,239.8,
Gary Huff,Florida State,,0,0,0,,,,,,42.0,,,,8.0,,14.6,,
Nic Shimonek,Texas Tech,153.2,0,0,0,,,,,,,,,,8.0,8.6,,233.9,
Bernie Kosar,Miami (FL),,0,0,0,,,,,,,,,,8.0,,,259.6,
Shedeur Sanders,Colorado,154.3,0,0,0,,,,,,,,,,,8.6,,303.8,
Cameron Rising,Utah,150.9,0,0,0,,,,,,,,,,,8.6,,,
Drew Allar,Penn State,145.4,0,0,0,,,,,,,,,,,8.5,,,
Kaleb Barker,Troy,151.9,0,0,0,,,,,,,,,,,8.4,,,
Braxton Miller,Ohio State,146.7,0,0,0,,,,,,,,,88.0,,8.4,,,6.8
Nate Sudfeld,Indiana,,0,0,0,,,,,,,,,,,8.3,,,7.2
Drew Hare,Northern Illinois,,0,0,0,,,,,,,,,,,8.2,,,
Nathan Peterman,Pitt,144.6,0,0,0,,,,,,,,,,,8.2,,,
Jack Coan,Notre Dame,148.0,0,0,0,,,,,,,,,,,8.2,,,
Shea Patterson,Michigan,,0,0,0,,,,,68.0,,,,,,8.1,,244.4,6.9
Joey Aguilar,Appalachian State,,0,0,0,,,,,,,,,,,8.1,,277.9,
Brett Gabbert,Miami (OH),,0,0,0,,,,,,,,,,,8.1,13.7,,6.8
Skyler Howard,West Virginia,,0,0,0,,,,,,,,,,,8.1,13.9,243.4,6.8
Gus Ragland,Miami (OH),,0,0,0,,,,,,,,,,,8.1,,,
DeQuan Finn,Baylor,,0,0,0,,,,,,,,,92.0,,8.1,,,6.9
Josh Haldi,Northern Illinois,,0,0,0,,,,,,,,,,,8.1,14.1,,
George Godsey,Georgia Tech,,0,0,0,,,,,,,,,,,8.0,,,
Bart Hendricks,Boise State,,0,0,0,,,,,78.0,,,10039.0,98.0,,,13.9,,6.7
Dan Marino,Pitt,,0,0,0,,,,,74.0,64.0,,,,,,,,
Dave Ragone,Louisville,,0,0,0,,,,,74.0,,1506.0,,83.0,,,,,
Logan Bonner,Utah State,,0,0,0,,,,,72.0,,,,,,,,,6.6
Chase Litton,Marshall,,0,0,0,,,,,72.0,,,,,,,,245.1,
Jacory Harris,Miami (FL),,0,0,0,,,,,70.0,48.0,,,,,,,,
Shaun King,Tulane,,0,0,0,,,,,70.0,,1516.0,,89.0,,,,,
Jason Gesser,Washington State,,0,0,0,,,,,69.0,,,,,,,14.3,,6.6
Tommy Hodson,LSU,,0,0,0,,,,,69.0,41.0,,,,,,,,6.8
Scott Mitchell,Utah,,0,0,0,,,,,69.0,,,,,,,,256.6,6.8
N'Kosi Perry,Florida Atlantic,,0,0,0,,,,,69.0,,,,83.0,,,,,
Steve Ramsey,North Texas,,0,0,0,,,,,69.0,67.0,,,,,,14.4,244.0,
Darian Durant,North Carolina,,0,0,0,,,,,68.0,,,9629.0,,,,,,
Nathan Stanley,Iowa,,0,0,0,,,,,68.0,,,,,,,,,
Tommy Armstrong Jr.,Nebraska,,0,0,0,,,,,67.0,44.0,1595.0,10690.0,91.0,,,14.2,,6.7
Jerrod Johnson,Texas A&M,,0,0,0,,,,,67.0,,,,83.0,,,,,
Drew Olson,UCLA,,0,0,0,,,,,67.0,,,,,,,,,
Leamon Hall,Army,,0,0,0,,,,,,68.0,,,,,,,,
Randy Hertel,Rice,,0,0,0,,,,,,68.0,,,,,,,,
Billy Stevens,UTEP,,0,0,0,,,,,,65.0,,,,,,15.2,,
Lynn Dickey,Kansas State,,0,0,0,,,,,,64.0,,,,,,,,
Scott Gardner,Virginia,,0,0,0,,,,,,60.0,,,,,,,,
John Reaves,Florida,,0,0,0,,,,,,59.0,,,,,,,235.9,
Chuck Hixson,SMU,,0,0,0,,,,,,56.0,,,,,,,231.6,
Craig Kimball,San Jose State,,0,0,0,,,,,,56.0,,,,,,,,
Tom Rozantz,William & Mary,,0,0,0,,,,,,56.0,,,,,,,,
Frank Seurer,Kansas,,0,0,0,,,,,,56.0,,,,,,13.7,,
Tom Tunnicliffe,Arizona,,0,0,0,,,,,,56.0,,,,,,,,
Mickey Brokas,Chattanooga,,0,0,0,,,,,,55.0,,,,,,,,
Mike Ford,SMU,,0,0,0,,,,,,54.0,,,,,,,,
Dan Fouts,Oregon,,0,0,0,,,,,,54.0,,,,,,,,
Jay Gruden,Louisville,,0,0,0,,,,,,54.0,,,,,,,,
Ty Paine,Washington State,,0,0,0,,,,,,54.0,,,,,,,,
Dave Ziebart,Air Force,,0,0,0,,,,,,54.0,,,,,,,,
Ryan Cubit,Western Michigan,,0,0,0,,,,,,53.0,,,,,,,,
Maurie Daigneau,Northwestern,,0,0,0,,,,,,53.0,,,,,,,,
Randy Jenkins,Kentucky,,0,0,0,,,,,,53.0,,,,,,,,
Jamie McAlister,New Mexico State,,0,0,0,,,,,,53.0,,,,,,,,
Steve Slayden,Duke,,0,0,0,,,,,,53.0,1546.0,,,,,,,
Steve Bradley,Indiana,,0,0,0,,,,,,52.0,,,,,,,,
Tommy Kramer,Rice,,0,0,0,,,,,,52.0,,,,,,,,
Ed Luther,San Jose State,,0,0,0,,,,,,52.0,,,,,,,,
Eddie McAshan,Georgia Tech,,0,0,0,,,,,,52.0,,,,,,,,
Mike McMahon,Rutgers,,0,0,0,,,,,,52.0,,,,,,13.7,,
Gary Schofield,Wake Forest,,0,0,0,,,,,,52.0,,,,,,,,
Joe Pisarcik,New Mexico State,,0,0,0,,,,,,51.0,,,,,,,,
Mike Pusey,Western Carolina,,0,0,0,,,,,,51.0,,,,,,14.7,,
Sonny Sixkiller,Washington,,0,0,0,,,,,,51.0,,,,,,14.3,,
Mike Elkins,Wake Forest,,0,0,0,,,,,,50.0,,,,,,,,
Mike McGann,Temple,,0,0,0,,,,,,50.0,,,,,,,,
Terry Nugent,Colorado State,,0,0,0,,,,,,50.0,,,,,,,,
Steve Olson,Idaho,,0,0,0,,,,,,50.0,,,,,,,,
Ed Rubbert,Louisville,,0,0,0,,,,,,50.0,,,,,,,,
Scott Erney,Rutgers,,0,0,0,,,,,,49.0,,,,,,,,
Greg Kokal,Kent State,,0,0,0,,,,,,49.0,,,,,,13.8,,
Sandy Schwab,Northwestern,,0,0,0,,,,,,49.0,,,,,,,,
Jack Thompson,Washington State,,0,0,0,,,,,,49.0,,,,,,,,
Zac Dahman,Army,,0,0,0,,,,,,48.0,,,,,,,,
Gale Gilbert,California,,0,0,0,,,,,,48.0,,,,,,,,
Loran Carter,Auburn,,0,0,0,,,,,,47.0,,,,,,,,
Sammy Garza,UTEP,,0,0,0,,,,,,47.0,,,,,,,,
Jerry Henderson,Washington State,,0,0,0,,,,,,47.0,,,,,,,,
Jamie Howard,LSU,,0,0,0,,,,,,47.0,,,,,,,,
Dan Kendra,West Virginia,,0,0,0,,,,,,47.0,,,,,,13.6,,
Mike Kerrigan,Northwestern,,0,0,0,,,,,,47.0,,,,,,,,
Jim Kubiak,Navy,,0,0,0,,,,,,47.0,,,,,,,,
Jeff Martin,Drake,,0,0,0,,,,,,47.0,,,,,,,,
Jim Plunkett,Stanford,,0,0,0,,,,,,47.0,,,,,,14.2,243.4,6.7
Norm Snead,Wake Forest,,0,0,0,,,,,,47.0,,,,,,,,
Don Strock,Virginia Tech,,0,0,0,,,,,,47.0,,,,,,13.7,,
Reggie Allen,Indiana State,,0,0,0,,,,,,46.0,,,,,,13.9,,
Will Furrer,Virginia Tech,,0,0,0,,,,,,46.0,,,,,,,,
Peter Gardere,Texas,,0,0,0,,,,,,46.0,,,,,,,,
Sammy Shon,Ohio,,0,0,0,,,,,,46.0,,,,,,,,
Troy Taylor,California,,0,0,0,,,,,,46.0,,,,,,,,
Greg Zolman,Vanderbilt,,0,0,0,,,,,,46.0,,,,,,,,
Henry Burris,Temple,,0,0,0,,,,,,45.0,,,,,,,,
Kelly Donohoe,Kansas,,0,0,0,,,,,,45.0,,,,,,13.7,,
John Eckman,Wichita State,,0,0,0,,,,,,45.0,,,,,,,,
Bruce Gadd,Rice,,0,0,0,,,,,,45.0,,,,,,,,
Mark Halda,San Diego State,,0,0,0,,,,,,45.0,,,,,,,,
Frank Harris,Boston College,,0,0,0,,,,,,45.0,,,,,,,,
Tom Owen,Wichita State,,0,0,0,,,,,,45.0,,,,,,,,
Terry Southall,Baylor,,0,0,0,,,,,,45.0,,,,,,,,
Steve Stamp,TCU,,0,0,0,,,,,,45.0,,,,,,14.6,,
Steve Beuerlein,Notre Dame,,0,0,0,,,,,,44.0,,,,,,13.8,,
Rich Dackin,Bowling Green State,,0,0,0,,,,,,44.0,,,,,,,,
Joe Freedy,Buffalo,,0,0,0,,,,,,44.0,,,,,,,,
Oliver Luck,West Virginia,,0,0,0,,,,,,44.0,,,,,,,,
Rick Norton,Kentucky,,0,0,0,,,,,,44.0,,,,,,,,
Kurt Page,Vanderbilt,,0,0,0,,,,,,44.0,,,,,,,,
John Paye,Stanford,,0,0,0,,,,,,44.0,,,,,,,,
Gene Swick,Toledo,,0,0,0,,,,,,44.0,1569.0,,,,,,,
Juice Williams,Illinois,,0,0,0,,,,,,44.0,1773.0,10594.0,,,,,,
C.J. Bacher,Northwestern,,0,0,0,,,,,,43.0,,,,,,,,
Guy Benjamin,Stanford,,0,0,0,,,,,,43.0,,,,,,,,
Virgil Carter,Brigham Young,,0,0,0,,,,,,43.0,,,,,,15.7,,
Jason W. Davis,UNLV,,0,0,0,,,,,,43.0,,,,,,,,
Darrell Ray Dickey,Kansas State,,0,0,0,,,,,,43.0,,,,,,,,
Kevin Fant,Mississippi State,,0,0,0,,,,,,43.0,,,,,,,,
Kingsley Fink,Army,,0,0,0,,,,,,43.0,,,,,,,,
Cody Ledbetter,New Mexico State,,0,0,0,,,,,,43.0,,,,,,,,
John Madeya,Louisville,,0,0,0,,,,,,43.0,,,,,,,,
Ron Reeves,Texas Tech,,0,0,0,,,,,,43.0,,,,,,,,
Wayne Schuchts,Virginia,,0,0,0,,,,,,43.0,,,,,,,,
Tom Schultze,Virginia Military Institute,,0,0,0,,,,,,43.0,,,,,,,,
Brian Sipe,San Diego State,,0,0,0,,,,,,43.0,,,,,,,,
Dennis Sproul,Arizona State,,0,0,0,,,,,,43.0,,,,,,15.1,,
Don Van Galder,Utah,,0,0,0,,,,,,43.0,,,,,,,,
Neil Britt,Ball State,,0,0,0,,,,,,42.0,,,,,,,,
Vidal Carlin,North Texas,,0,0,0,,,,,,42.0,,,,,,,,
Kelly Cochrane,Miami (FL),,0,0,0,,,,,,42.0,,,,,,,,
Alex Espinoza,Iowa State,,0,0,0,,,,,,42.0,,,,,,,,
Jeff Graham,Long Beach State,,0,0,0,,,,,,42.0,,,,,,,,
Talmadge Hill,Ball State,,0,0,0,,,,,,42.0,,,,,,,,
Eric Hipple,Utah State,,0,0,0,,,,,,42.0,,,,,,,,
Mike Kelley,Georgia Tech,,0,0,0,,,,,,42.0,,,,,,,,
Tommy Kendrick,Clemson,,0,0,0,,,,,,42.0,,,,,,,,
Mike McNallen,Navy,,0,0,0,,,,,,42.0,,,,,,,,
Brian Mitchell,Louisiana,,0,0,0,,,,,,42.0,1521.0,,,,,14.1,,
Larry Rakestraw,Georgia,,0,0,0,,,,,,42.0,,,,,,,,
Art Schlichter,Ohio State,,0,0,0,,,,,,42.0,,,,,,15.0,,
Gary Snook,Iowa,,0,0,0,,,,,,42.0,,,,,,,,
Kent Austin,Ole Miss,,0,0,0,,,,,,41.0,,,,,,,,
Todd Blackledge,Penn State,,0,0,0,,,,,,41.0,,,,,,14.1,,
Bo Burris,Houston,,0,0,0,,,,,,41.0,,,,,,,,
Scott Campbell,Purdue,,0,0,0,,,,,,41.0,,,,,,,,
Steve Clarkson,San Jose State,,0,0,0,,,,,,41.0,,,,,,,,
Bill Craigo,UTEP,,0,0,0,,,,,,41.0,,,,,,,,
Rick Donegan,Southern Mississippi,,0,0,0,,,,,,41.0,,,,,,,,
Marquel Fleetwood,Minnesota,,0,0,0,,,,,,41.0,,,,,,,,
Stephen Garcia,South Carolina,,0,0,0,,,,,,41.0,,,,,,,,
Chris Garrity,William & Mary,,0,0,0,,,,,,41.0,,,,,,,,
Roch Hontas,Tulane,,0,0,0,,,,,,41.0,,,,,,,,
Terrence Jones,Tulane,,0,0,0,,,,,,41.0,1620.0,,,,,,,
Scotty Shipp,Davidson,,0,0,0,,,,,,41.0,,,,,,,,
Whit Taylor,Vanderbilt,,0,0,0,,,,,,41.0,,,,,,,,
Erik White,Bowling Green State,,0,0,0,,,,,,41.0,,,,,,,,
Jeff Bender,Central Michigan,,0,0,0,,,,,,40.0,,,,,,,,
Steve Casey,Virginia Tech,,0,0,0,,,,,,40.0,,,,,,,,
Brad Goebel,Baylor,,0,0,0,,,,,,40.0,,,,,,,,
Edd Hargett,Texas A&M,,0,0,0,,,,,,40.0,,,,,,,,
Rich Haynie,Air Force,,0,0,0,,,,,,40.0,,,,,,,,
Neal Jeffrey,Baylor,,0,0,0,,,,,,40.0,,,,,,,,
Steve Judy,TCU,,0,0,0,,,,,,40.0,,,,,,,,
Archie Manning,Ole Miss,,0,0,0,,,,,,40.0,,,,,,,,
Scooter Molander,Colorado State,,0,0,0,,,,,,40.0,,,,,,,234.8,
Tom Myers,Northwestern,,0,0,0,,,,,,40.0,,,,,,,,
Mike Neu,Ball State,,0,0,0,,,,,,40.0,,,,,,,,
Oscar Ramirez,UTEP,,0,0,0,,,,,,40.0,,,,,,,,
Chris Rowland,Washington,,0,0,0,,,,,,40.0,,,,,,,,
Tommy Suggs,South Carolina,,0,0,0,,,,,,40.0,,,,,,13.9,,
Anthony Thornton,Ohio,,0,0,0,,,,,,40.0,,,,,,,,
Billy Joe Tolliver,Texas Tech,,0,0,0,,,,,,40.0,,,,,,13.7,,
Pete Vaas,Holy Cross,,0,0,0,,,,,,40.0,,,,,,,,
Elvis Grbac,Michigan,148.7,0,0,0,,,,,,,,,,,,,,
Cody Hodges,Texas Tech,147.6,0,0,0,,,,,,,,,,,,,,
Pat White,West Virginia,147.4,0,0,0,,,,,,,,10529.0,103.0,,,,,7.2
B.J. Symons,Texas Tech,147.1,0,0,0,,,,,,,,,,,,,,
Jacob Zeno,UAB,146.4,0,0,0,,,,,,,,,,,,,,
Joe Southwick,Boise State,145.9,0,0,0,,,,,,,,,,,,,,
Will Levis,Kentucky,145.6,0,0,0,,,,,,,,,,,,,,
Josh Hoover,TCU,144.7,0,0,0,,,,,,,,,,,,,247.9,
Terrelle Pryor,Ohio State,144.6,0,0,0,,,,,,,,,,,,,,6.8
Casey Pachall,TCU,144.3,0,0,0,,,,,,,,,,,,,,
Zach Collaros,Cincinnati,144.1,0,0,0,,,,,,,,,,,,,,
Steve Bellisari,Ohio State,,0,0,0,,,,,,,,,,,,15.4,,
Don Smith,Mississippi State,,0,0,0,,,,,,,,,,,,15.3,,
Lee Saltz,Temple,,0,0,0,,,,,,,,,,,,15.3,,
Jonathan Smith,Oregon State,,0,0,0,,,,,,,,,,,,15.1,233.5,
Anthoney Hill,Colorado State,,0,0,0,,,,,,,,,,,,15.1,,
Bruce Hill,Arizona,,0,0,0,,,,,,,,,,,,15.0,,
Steve Brown,Appalachian State,,0,0,0,,,,,,,,,,,,14.9,,
Raymond Philyaw,Louisiana-Monroe,,0,0,0,,,,,,,,,,,,14.8,,
Cody Carlson,Baylor,,0,0,0,,,,,,,,,,,,14.8,,
Greg Cook,Cincinnati,,0,0,0,,,,,,,,,,,,14.8,,
Mike Bath,Miami (OH),,0,0,0,,,,,,,,,,,,14.7,,
Rod Rutherford,Pitt,,0,0,0,,,,,,,,,,,,14.7,,
Tony Sacca,Penn State,,0,0,0,,,,,,,,,,,,14.6,,
Reggie McNeal,Texas A&M,,0,0,0,,,,,,,,,,,,14.6,,6.9
Bradlee Van Pelt,Colorado State,,0,0,0,,,,,,,,,,,,14.5,,7.0
K.C. Enzminger,New Mexico State,,0,0,0,,,,,,,,,,,,14.5,,
Mark Barsotti,Fresno State,,0,0,0,,,,,,,,,,,,14.5,,6.8
Mike Phipps,Purdue,,0,0,0,,,,,,,,,,,,14.5,,
Ronald Curry,North Carolina,,0,0,0,,,,,,,,,,,,14.5,,
Derrick Taite,Mississippi State,,0,0,0,,,,,,,,,,,,14.5,,
Robert Hall,Texas Tech,,0,0,0,,,,,,,,,,,,14.4,,
Brad Taylor,Arkansas,,0,0,0,,,,,,,,,,,,14.4,,
Maurice DeShazo,Virginia Tech,,0,0,0,,,,,,,,,,,,14.4,,
Jevan Snead,Ole Miss,,0,0,0,,,,,,,,,,,,14.4,,
Aaron Brooks,Virginia,,0,0,0,,,,,,,,,,,,14.3,,
Roy Henry,Louisiana,,0,0,0,,,,,,,,,,,,14.3,,
Greg Frey,Ohio State,,0,0,0,,,,,,,,,,,,14.3,,
Raphel Cherry,Hawaii,,0,0,0,,,,,,,,,,,,14.3,,
Dave Humm,Nebraska,,0,0,0,,,,,,,,,,,,14.3,,
Jeff Blake,East Carolina,,0,0,0,,,,,,,,,,,,14.3,,
Scott Hall,North Texas,,0,0,0,,,,,,,,,,,,14.2,,
Antwaan Randle El,Indiana,,0,0,0,,,,,,,1917.0,11364.0,87.0,,,14.1,,
Todd Husak,Stanford,,0,0,0,,,,,,,,,,,,14.1,,
Doug Johnson,Florida,,0,0,0,,,,,,,,,,,,14.1,,
Dameyune Craig,Auburn,,0,0,0,,,,,,,,,,,,14.1,,
Derek Stott,UNLV,,0,0,0,,,,,,,,,,,,14.1,,
Tee Martin,Tennessee,,0,0,0,,,,,,,,,,,,14.1,,
David Lowery,San Diego State,,0,0,0,,,,,,,,,,,,14.1,,
Chad Johnston,West Virginia,,0,0,0,,,,,,,,,,,,14.1,,
Jake Plummer,Arizona State,,0,0,0,,,,,,,,,,,,14.1,,
Max Bortenschlager,Florida International,,0,0,0,,,,,,,,,,,,14.1,,
Clint Stoerner,Arkansas,,0,0,0,,,,,,,,,,,,14.1,,
Bill Cappleman,Florida State,,0,0,0,,,,,,,,,,,,14.1,,
Matt Jones,Arkansas,,0,0,0,,,,,,,,,,,,14.0,,7.4
Mark Rypien,Washington State,,0,0,0,,,,,,,,,,,,14.0,,
Cleo Lemon,Arkansas State,,0,0,0,,,,,,,,,,,,14.0,,
Vince Ferragamo,Nebraska,,0,0,0,,,,,,,,,,,,14.0,,
Ortege Jenkins,Arizona,,0,0,0,,,,,,,,,,,,14.0,,
Browning Nagle,Louisville,,0,0,0,,,,,,,,,,,,14.0,,
James Brown,Texas,,0,0,0,,,,,,,,,,,,14.0,,6.7
Gavin Hardison,UTEP,,0,0,0,,,,,,,,,,,,14.0,,
Jason Johnson,Arizona,,0,0,0,,,,,,,,,,,,13.9,,
Jim Kelly,Miami (FL),,0,0,0,,,,,,,,,,,,13.9,,
Pat Sullivan,Auburn,,0,0,0,,,,,,,,,,,,13.9,,
Josh Allen,Wyoming,,0,0,0,,,,,,,,,,,,13.9,,
Gino Torretta,Miami (FL),,0,0,0,,,,,,,,,,,,13.9,,7.0
Asad Abdul-Khaliq,Minnesota,,0,0,0,,,,,,,,,,,,13.8,,6.9
Gerald Landry,Houston,,0,0,0,,,,,,,,,,,,13.8,,
Chuck Ealey,Toledo,,0,0,0,,,,,,,,,,,,13.8,,
Tom Corontzos,Wyoming,,0,0,0,,,,,,,,,,,,13.8,,
Kerwin Bell,Florida,,0,0,0,,,,,,,,,,,,13.8,,
John Hessler,Colorado,,0,0,0,,,,,,,,,,,,13.8,,
Paul Justin,Arizona State,,0,0,0,,,,,,,,,,,,13.8,,
Erik Kramer,North Carolina State,,0,0,0,,,,,,,,,,,,13.8,,
Eric Jones,Vanderbilt,,0,0,0,,,,,,,,,,,,13.8,,
Joe Hughes,Wyoming,,0,0,0,,,,,,,,,,,,13.8,254.0,
Stephen Calvert,Liberty,,0,0,0,,,,,,,,,,,,13.8,269.2,
Khalil Tate,Arizona,,0,0,0,,,,,,,,,,,,13.8,,7.4
Ryan Kealy,Arizona State,,0,0,0,,,,,,,,,,,,13.8,,
Pat Hegarty,UTEP,,0,0,0,,,,,,,,,,,,13.8,,
Drew Bledsoe,Washington State,,0,0,0,,,,,,,,,,,,13.7,237.8,
Chip Hilleary,Kansas,,0,0,0,,,,,,,,,,,,13.7,,
Craig Krenzel,Ohio State,,0,0,0,,,,,,,,,,,,13.7,,
Wayne Madkin,Mississippi State,,0,0,0,,,,,,,,,,,,13.7,,
Matthew Stafford,Georgia,,0,0,0,,,,,,,,,,,,13.7,,7.0
Josh Fields,Oklahoma State,,0,0,0,,,,,,,,,,,,13.7,,
Major Applewhite,Texas,,0,0,0,,,,,,,,,,,,13.7,,6.8
Tony Adams,Utah State,,0,0,0,,,,,,,,,,,,13.7,,
Ed Smith,Michigan State,,0,0,0,,,,,,,,,,,,13.7,,
Dustin Almond,Southern Mississippi,,0,0,0,,,,,,,,,,,,13.6,,
Ron Powlus,Notre Dame,,0,0,0,,,,,,,,,,,,13.6,,
Bill Montgomery,Arkansas,,0,0,0,,,,,,,,,,,,13.6,,
Richie Donati,Fresno State,,0,0,0,,,,,,,,,,,,13.6,,
Joey Harrington,Oregon,,0,0,0,,,,,,,,,,,,13.6,,
Freddie Kitchens,Alabama,,0,0,0,,,,,,,,,,,,13.6,,
Brock Huard,Washington,,0,0,0,,,,,,,,,,,,13.6,,
Mark McKay,San Diego State,,0,0,0,,,,,,,,,,,,13.6,,
Brooks Bollinger,Wisconsin,,0,0,0,,,,,,,,,,,,13.6,,
Chris Vargas,Nevada,,0,0,0,,,,,,,,,,,,,318.0,
Tony Eason,Illinois,,0,0,0,,,,,,,,,,,,,300.4,
Jon Denton,UNLV,,0,0,0,,,,,,,,,,,,,294.1,
Dalton Williams,Akron,,0,0,0,,,,,,,,,,,,,282.3,
Mike Perez,San Jose State,,0,0,0,,,,,,,,,,,,,281.6,
Brent Snyder,Utah State,,0,0,0,,,,,,,,,,,,,277.5,
David Piland,Houston,,0,0,0,,,,,,,,,,,,,275.7,
Levi Brown,Troy,,0,0,0,,,,,,,,,,,,,273.2,
E.J. Warner,Rice,,0,0,0,,,,,,,,,,,,,271.5,
Scott Rislov,San Jose State,,0,0,0,,,,,,,,,,,,,261.1,
Anthony Calvillo,Utah State,,0,0,0,,,,,,,,,,,,,256.5,
Sonny Cumbie,Texas Tech,,0,0,0,,,,,,,,,,,,,255.8,
Mike Romo,SMU,,0,0,0,,,,,,,,,,,,,251.7,
Deondre Francois,Florida State,,0,0,0,,,,,,,,,,,,,251.6,
Martin Hankins,Memphis,,0,0,0,,,,,,,,,,,,,250.9,
Larry Egger,Utah,,0,0,0,,,,,,,,,,,,,250.0,
Todd Dillon,Long Beach State,,0,0,0,,,,,,,,,,,,,248.0,
Conner Manning,Georgia State,,0,0,0,,,,,,,,,,,,,244.1,
Dan Robinson,Hawaii,,0,0,0,,,,,,,,,,,,,241.5,
Frank Dolce,Utah,,0,0,0,,,,,,,,,,,,,240.7,
Matt Bohnet,Eastern Michigan,,0,0,0,,,,,,,,,,,,,237.5,
Charlie Batch,Eastern Michigan,,0,0,0,,,,,,,,,,,,,237.3,
Randall Cunningham,UNLV,,0,0,0,,,,,,,,,,,,,235.9,
Giovanni Vizza,North Texas,,0,0,0,,,,,,,,,,,,,233.9,
Tanner McKee,Stanford,,0,0,0,,,,,,,,,,,,,232.0,
Josh Freeman,Kansas State,,0,0,0,,,,,,,,,,,,,230.8,
Ty Gangi,Nevada,,0,0,0,,,,,,,,,,,,,230.6,6.9
Richard Lagow,Indiana,,0,0,0,,,,,,,,,,,,,230.3,
Jay Venuto,Wake Forest,,0,0,0,,,,,,,,,,,,,229.8,
Justin Vedder,California,,0,0,0,,,,,,,,,,,,,229.1,
Joshua Cribbs,Kent State,,0,0,0,,,,,,,1755.0,10839.0,86.0,,,,,
David Garrard,East Carolina,,0,0,0,,,,,,,1685.0,10238.0,81.0,,,,,
B.J. Daniels,South Florida,,0,0,0,,,,,,,1658.0,10501.0,,,,,,
Josh Harris,Bowling Green State,,0,0,0,,,,,,,1624.0,9976.0,102.0,,,,,
Len Williams,Northwestern,,0,0,0,,,,,,,1614.0,,,,,,,
Corey Leonard,Arkansas State,,0,0,0,,,,,,,1604.0,,,,,,,
Jake Locker,Washington,,0,0,0,,,,,,,1601.0,,82.0,,,,,
Taysom Hill,Brigham Young,,0,0,0,,,,,,,1581.0,9744.0,,,,,,
Taylor Martinez,Nebraska,,0,0,0,,,,,,,1547.0,10233.0,87.0,,,,,
Kevin O'Connell,San Diego State,,0,0,0,,,,,,,1546.0,,,,,,,
Nick Fitzgerald,Mississippi State,,0,0,0,,,,,,,1543.0,9814.0,101.0,,,,,
Zebbie Lethridge,Texas Tech,,0,0,0,,,,,,,1523.0,,,,,,,
Jordan Lynch,Northern Illinois,,0,0,0,,,,,,,,10552.0,100.0,,,,,7.1
John Rhys Plumlee,UCF,,0,0,0,,,,,,,,,,,,,,6.9
Will Howard,Ohio State,,0,0,0,,,,,,,,,84.0,,,,,6.9
Drew Stanton,Michigan State,,0,0,0,,,,,,,,,,,,,,6.8
Tommy Rees,Notre Dame,,0,0,0,,,,,,,,,,,,,,6.8
Tyree Jackson,Buffalo,,0,0,0,,,,,,,,,,,,,,6.7
Everett Golson,Florida State,,0,0,0,,,,,,,,,,,,,,6.7
Keenan Reynolds,Navy,,0,0,0,,,,,,,,,119.0,,,,,
Eric Crouch,Nebraska,,0,0,0,,,,,,,,,90.0,,,,,
Kenneth Dixon,Louisiana Tech,,0,0,0,,,,,,,,,87.0,,,,,
Collin Klein,Kansas State,,0,0,0,,,,,,,,,87.0,,,,,
Montee Ball,Wisconsin,,0,0,0,,,,,,,,,84.0,,,,,
Garrett Shrader,Syracuse,,0,0,0,,,,,,,,,84.0,,,,,
