player,drafted,yrs_played,teams,hof,wAV,earnings_mils,comp_%,pass_rating,comp,att,pass_yds,TD,pass_yds_game,int,int_%,pick_6,sacks,4QC,GWD
Tom Brady,2000,23,"['Patriots', 'Buccaneers']",0,184.0,317.62,64.3,97.2,7753,12050,89214,649,266,212,1.8,18,565,46,58
Drew Brees,2001,20,"['Saints', 'Chargers']",0,167.0,273.933,67.7,98.7,7142,10551,80358,571,280,243,2.3,27,420,36,53
Peyton Manning,1998,18,"['Colts', 'Broncos']",1,176.0,247.714,65.3,96.5,6125,9380,71940,539,270,251,2.7,27,303,43,54
Brett Favre,1991,20,"['Packers', 'Vikings', 'Jets', 'Falcons']",1,158.0,141.407,62.0,86.0,6300,10169,71838,508,237,336,3.3,32,525,28,43
Ben Roethlisberger,2004,18,['Steelers'],0,131.0,266.724,64.4,93.5,5440,8443,64088,418,257,211,2.5,18,554,41,53
Philip Rivers,2004,17,"['Chargers', 'Colts']",0,149.0,242.15,64.9,95.2,5277,8134,63440,421,260,209,2.6,25,464,29,35
Matt Ryan,2008,15,"['Falcons', 'Colts']",0,146.0,306.206,65.6,93.6,5551,8464,62792,381,268,183,2.2,20,488,38,46
Dan Marino,1983,17,['Dolphins'],1,145.0,51.0,59.4,86.4,4967,8358,61361,420,253,252,3.0,29,270,33,47
Aaron Rodgers,2005,20,"['Packers', 'Jets']",0,163.0,343.531,65.2,103.0,5112,7843,60148,482,254,109,1.4,5,544,21,32
Matthew Stafford,,16,[],0,121.0,,63.3,90.9,4952,7824,57285,360,271,183,2.3,30,490,36,45
Eli Manning,2004,16,['Giants'],0,121.0,232.49,60.3,84.1,4895,8119,57023,366,241,244,3.0,22,411,27,37
John Elway,1983,16,['Broncos'],1,140.0,47.445,56.9,79.9,4123,7250,51475,300,220,226,3.1,18,516,31,40
Warren Moon,,17,[],1,116.0,,58.4,80.9,3988,6823,49325,291,237,233,3.4,16,458,25,35
Fran Tarkenton,,18,[],1,148.0,,57.0,80.4,3686,6467,47003,342,191,266,4.1,12,570,29,33
Carson Palmer,2003,14,"['Bengals', 'Cardinals', 'Raiders']",0,107.0,172.5,62.5,87.9,3941,6307,46247,294,254,187,3.0,23,340,22,35
Vinny Testaverde,,21,[],0,97.0,,56.5,75.0,3787,6701,46233,275,198,267,4.0,23,417,29,33
Drew Bledsoe,1993,14,"['Patriots', 'Bills', 'Cowboys']",0,105.0,79.656,57.2,77.1,3839,6717,44611,251,230,206,3.1,15,467,24,31
Joe Flacco,2008,17,"['Ravens', 'Broncos', 'Jets', 'Eagles', 'Colts', 'Browns']",0,95.0,177.435,61.7,84.5,4053,6573,44463,250,234,155,2.4,13,392,20,26
Russell Wilson,2012,12,"['Seahawks', 'Broncos']",0,136.0,305.34,64.7,100.0,3668,5665,43653,334,232,106,1.9,7,527,31,39
Dan Fouts,,15,[],1,123.0,,58.8,80.2,3297,5604,43040,254,237,242,4.3,12,319,21,23
Kerry Collins,,17,[],0,,,55.7,73.8,3487,6261,40922,208,206,196,3.1,20,337,21,30
Kirk Cousins,2012,13,"['Vikings', 'Falcons', 'Commanders']",0,94.0,281.469,66.9,98.0,3584,5354,40844,278,263,115,2.1,14,314,25,31
Joe Montana,,16,[],1,125.0,,63.2,92.3,3409,5391,40551,273,211,139,2.6,6,313,26,28
Johnny Unitas,,18,[],1,113.0,,54.6,78.2,2830,5186,40239,290,190,253,4.9,17,307,34,38
Derek Carr,2014,11,"['Raiders', 'Saints']",0,,165.519,65.1,92.5,3666,5634,40089,250,244,111,2.0,17,300,28,34
Andy Dalton,2011,14,"['Bengals', 'Bears', 'Panthers', 'Saints', 'Cowboys']",0,,106.514,62.5,87.7,3477,5560,39186,251,226,146,2.6,18,353,25,29
Dave Krieg,,19,[],0,97.0,,58.5,81.5,3105,5311,38147,261,179,199,3.7,12,494,23,25
Boomer Esiason,,14,[],0,106.0,,57.0,81.1,2969,5205,37920,247,202,184,3.5,11,318,19,26
Donovan McNabb,1999,13,"['Eagles', 'Commanders', 'Vikings']",0,107.0,96.921,59.0,85.6,3170,5374,37276,234,223,117,2.2,7,410,16,24
Matt Hasselbeck,1998,17,"['Seahawks', 'Titans', 'Colts', 'Packers']",0,,88.163,60.5,82.4,3222,5330,36638,212,175,153,2.9,13,360,15,24
Alex Smith,2005,16,"['49ers', 'Commanders', 'Chiefs']",0,98.0,210.0,62.6,86.9,3250,5193,35650,199,204,109,2.1,8,432,19,23
Jim Kelly,,11,[],1,103.0,,60.1,84.4,2874,4779,35467,237,221,175,3.7,12,323,21,28
Jay Cutler,2006,12,"['Bears', 'Broncos', 'Dolphins']",0,,127.875,62.0,85.3,3048,4920,35133,227,229,160,3.3,19,322,23,28
Ryan Fitzpatrick,2005,17,"['Bills', 'Jets', 'Dolphins', 'Commanders', 'Buccaneers', 'Texans', 'Titans', 'Bengals', 'Rams']",0,,80.558,60.7,82.3,3072,5060,34990,223,210,169,3.3,13,300,13,18
Ryan Tannehill,2012,12,"['Titans', 'Dolphins']",0,,195.051,64.3,91.2,3063,4764,34881,216,225,115,2.4,10,415,26,27
Jim Everett,,12,[],0,,,57.7,78.6,2841,4923,34837,203,220,175,3.6,13,257,11,14
Jim Hart,,19,[],0,95.0,,51.1,66.6,2593,5076,34665,209,172,247,4.9,12,282,20,23
Steve DeBerg,,21,[],0,,,57.2,74.2,2874,5024,34241,196,166,204,4.1,20,296,19,24
Tony Romo,2003,13,['Cowboys'],0,95.0,127.42,65.3,97.1,2829,4335,34183,248,219,117,2.7,13,248,24,29
John Hadl,,16,[],0,106.0,,50.4,67.4,2363,4687,33503,244,149,268,5.7,13,284,15,15
Phil Simms,,15,[],0,,,55.4,78.5,2576,4647,33462,199,204,157,3.4,13,477,11,17
Steve Young,1985,15,"['49ers', 'Buccaneers']",1,132.0,49.372,64.3,96.8,2667,4149,33124,232,196,107,2.6,4,358,13,16
Y.A. Tittle,,17,[],1,,,55.2,74.3,2427,4395,33070,242,162,248,5.6,9,167,24,23
Troy Aikman,1989,12,['Cowboys'],1,96.0,55.537,61.5,81.6,2898,4715,32942,165,199,141,3.0,12,259,15,20
Ken Anderson,,16,[],0,120.0,,59.3,81.9,2654,4475,32838,197,171,160,3.6,8,398,10,14
Cam Newton,2011,11,"['Panthers', 'Patriots']",0,115.0,134.735,59.9,85.2,2682,4474,32382,194,218,123,2.7,12,332,16,20
Kurt Warner,1997,12,"['Cardinals', 'Rams', 'Giants', 'Packers']",1,96.0,63.859,65.5,93.7,2666,4070,32344,208,260,128,3.1,15,260,7,11
Sonny Jurgensen,,18,[],1,105.0,,57.1,82.6,2433,4262,32224,255,147,189,4.4,15,294,18,14
Mark Brunell,1993,18,"['Jaguars', 'Commanders', 'Saints', 'Jets', 'Packers']",0,96.0,70.638,59.5,84.0,2761,4640,32072,184,166,108,2.3,14,390,16,22
John Brodie,,17,[],0,99.0,,55.0,72.3,2469,4491,31548,214,157,224,5.0,13,207,21,22
Jared Goff,2016,9,"['Lions', 'Rams']",0,,233.996,64.9,93.6,2745,4231,31444,190,259,86,2.0,9,224,14,17
Steve McNair,1995,13,"['Titans', 'Ravens']",0,99.0,76.984,60.1,82.8,2733,4544,31304,174,194,119,2.6,13,254,15,21
Dak Prescott,2016,9,['Cowboys'],0,,239.896,66.9,98.7,2720,4064,30883,210,259,78,1.9,9,247,15,23
Norm Snead,,16,[],0,,,52.3,65.5,2276,4353,30797,196,173,257,5.9,22,350,14,19
Randall Cunningham,,17,[],0,110.0,,56.6,81.5,2429,4289,29979,207,186,134,3.1,5,484,19,24
Joe Ferguson,,18,[],0,,,52.4,68.4,2369,4519,29817,196,160,209,4.6,6,312,20,24
Jon Kitna,2013,15,['Cowboys'],0,,0.056,60.3,77.4,2677,4442,29745,169,211,165,3.7,17,323,18,22
Patrick Mahomes,2017,8,['Chiefs'],0,96.0,136.153,66.6,102.9,2497,3750,29659,225,293,69,1.8,4,157,15,18
Roman Gabriel,,16,[],0,98.0,,52.6,74.3,2366,4498,29444,201,160,149,3.3,10,360,16,15
Jake Plummer,1997,10,"['Cardinals', 'Broncos']",0,,53.403,57.1,74.6,2484,4350,29253,161,204,161,3.7,13,284,20,30
Brad Johnson,,15,[],0,,,61.7,82.5,2668,4326,29054,166,164,122,2.8,12,251,14,27
Rich Gannon,,18,[],0,97.0,,60.2,84.7,2533,4206,28743,180,183,104,2.5,6,302,16,20
Len Dawson,,19,[],1,109.0,,57.1,82.6,2136,3741,28711,239,136,183,4.9,15,376,15,16
Chris Chandler,,17,[],0,,,58.1,79.1,2328,4005,28484,170,158,146,3.6,13,380,10,15
Trent Green,,12,[],0,94.0,,60.6,86.0,2266,3740,28475,162,237,114,3.0,6,259,15,19
Ron Jaworski,,16,[],0,,,53.1,72.8,2187,4117,28190,179,149,164,4.0,4,363,17,23
Terry Bradshaw,,14,[],1,107.0,,51.9,70.9,2025,3901,27989,212,166,210,5.4,8,307,15,23
Ken Stabler,,15,[],1,93.0,,59.8,75.3,2270,3793,27938,194,151,222,5.9,16,281,16,23
Craig Morton,,18,[],0,,,54.2,73.5,2053,3786,27908,183,134,187,4.9,12,405,12,21
Joe Namath,,13,[],1,94.0,,50.1,65.5,1886,3762,27663,173,197,220,5.8,28,170,15,15
Jeff George,,12,[],0,,,57.9,80.4,2298,3967,27602,154,210,113,2.8,12,358,8,17
George Blanda,,27,[],1,97.0,,47.7,60.6,1911,4007,26920,236,79,277,6.9,17,88,17,17
Steve Grogan,,16,[],0,,,52.3,69.6,1879,3593,26886,182,180,208,5.8,11,247,13,20
Bobby Layne,,15,[],1,,,49.0,63.4,1814,3700,26768,196,153,243,6.6,5,,18,19
Jim Harbaugh,,14,[],0,,,58.8,77.6,2305,3918,26288,129,148,117,3.0,7,361,15,19
Jim Plunkett,,16,[],0,,,52.5,67.5,1943,3701,25882,164,164,198,5.3,12,380,18,22
Jeff Garcia,2011,11,['Texans'],0,,0.124,61.6,87.5,2264,3676,25537,161,204,83,2.3,11,181,11,17
Matt Schaub,2004,17,"['Texans', 'Falcons', 'Raiders', 'Ravens']",0,,95.935,64.2,89.5,2148,3348,25467,136,164,91,2.7,14,180,11,14
Joe Theismann,,12,[],0,,,56.7,77.4,2044,3602,25206,160,150,138,3.8,5,340,18,22
Ken O'Brien,,10,[],0,,,58.6,80.4,2110,3602,25094,128,194,98,2.7,6,353,13,16
Bob Griese,,14,[],1,104.0,,56.2,77.1,1926,3429,25092,192,155,172,5.0,11,335,15,19
Tommy Kramer,,14,[],0,,,55.1,72.8,2012,3651,24777,159,192,158,4.3,12,249,15,19
Bart Starr,,16,[],1,,,57.4,80.5,1808,3149,24718,152,126,138,4.4,8,287,18,17
Charley Johnson,,15,[],0,,,51.2,69.2,1737,3392,24410,170,147,181,5.3,12,260,19,17
Daunte Culpepper,,11,[],0,,,63.0,87.8,2016,3199,24153,149,230,106,3.3,7,298,11,17
Steve Bartkowski,,12,[],0,,,55.9,75.4,1932,3456,24124,156,187,144,4.2,7,356,18,21
Steve Beuerlein,,16,[],0,,,56.9,80.3,1894,3328,24046,147,163,112,3.4,6,332,13,16
Archie Manning,,14,[],0,,,55.2,67.1,2011,3642,23911,125,158,173,4.8,11,396,11,12
Brian Sipe,,10,[],0,,,56.5,74.8,1944,3439,23713,154,189,149,4.3,7,224,17,23
Andrew Luck,2012,7,['Colts'],0,,109.108,60.8,89.5,2000,3290,23671,171,275,83,2.5,10,174,16,20
Josh Allen,2018,7,['Bills'],0,,112.904,63.1,92.7,2068,3276,23648,175,238,78,2.4,,181,13,19
Norm Van Brocklin,,12,[],1,,,53.6,75.1,1553,2895,23611,173,168,178,6.1,8,,19,17
Otto Graham,,10,[],1,,,55.8,86.6,1464,2626,23584,174,187,135,5.1,7,,12,10
Lynn Dickey,,15,[],0,,,55.9,70.9,1747,3125,23322,141,153,179,5.7,15,297,12,18
Bernie Kosar,,12,[],0,,,59.3,81.8,1994,3365,23301,124,184,87,2.6,7,273,14,16
Marc Bulger,,8,[],0,,,62.1,84.4,1969,3171,22814,122,237,93,2.9,10,254,12,16
Neil Lomax,,8,[],0,,,57.6,82.7,1817,3153,22771,136,210,90,2.9,6,362,11,12
Roger Staubach,,11,[],1,104.0,,57.0,83.4,1685,2958,22700,153,173,109,3.7,,313,13,21
Babe Parilli,,18,[],0,,,46.6,59.6,1552,3330,22681,178,120,220,6.6,20,178,17,13
Michael Vick,2001,15,"['Falcons', 'Eagles', 'Jets', 'Steelers']",0,92.0,118.645,56.2,80.4,1807,3217,22464,133,157,88,2.7,6,316,14,15
Carson Wentz,2016,8,"['Eagles', 'Commanders', 'Colts', 'Chiefs', 'Rams']",0,,130.383,62.7,89.4,2073,3308,22292,153,234,67,2.0,,239,12,13
Jameis Winston,2015,10,"['Buccaneers', 'Saints', 'Browns']",0,,75.089,61.2,87.0,1764,2883,22120,141,230,99,3.4,12,195,8,13
Danny White,,13,[],0,,,59.7,81.7,1761,2950,21959,155,132,132,4.5,8,241,11,14
Sammy Baugh,,16,[],1,,,56.5,72.2,1693,2995,21886,187,131,203,6.8,5,,6,16
Jeff Blake,,14,[],0,,,56.4,78.0,1827,3241,21711,134,182,99,3.1,12,248,12,16
Neil O'Donnell,,13,[],0,,,57.8,81.8,1865,3229,21690,120,173,68,2.1,8,259,15,18
Bobby Hebert,,12,[],0,,,58.9,78.0,1839,3121,21683,135,183,124,4.0,10,178,11,16
Baker Mayfield,2018,7,"['Browns', 'Buccaneers', 'Panthers', 'Rams']",0,,52.301,62.5,89.4,1860,2978,21496,141,228,76,2.6,5,226,8,10
Gus Frerotte,,15,[],0,,,54.7,74.2,1699,3106,21291,114,144,106,3.4,10,207,8,10
Jack Kemp,,13,[],0,,,46.7,57.3,1436,3073,21218,114,173,183,6.0,9,214,11,11
Jim Zorn,,12,[],0,,,53.0,67.3,1669,3149,21115,111,150,141,4.5,13,213,9,12
Jake Delhomme,,13,[],0,,,59.4,81.3,1741,2932,20975,126,203,101,3.4,13,168,19,24
Earl Morrall,,21,[],0,,,51.3,74.1,1379,2689,20809,161,81,148,5.5,9,197,14,11
Richard Todd,,10,[],0,,,54.3,67.6,1610,2967,20610,124,173,161,5.4,11,264,9,14
Trent Dilfer,,14,[],0,,,55.5,70.2,1759,3172,20518,113,157,129,4.1,13,263,14,15
Billy Kilmer,,18,[],0,,,53.1,71.6,1585,2984,20495,152,120,146,4.9,7,216,14,16
Aaron Brooks,,7,[],0,,,56.5,78.5,1673,2963,20261,123,217,92,3.1,5,235,12,18
Jay Schroeder,,10,[],0,,,50.8,71.7,1426,2808,20063,114,170,108,3.8,4,208,16,17
Charlie Conerly,,14,[],0,,,50.1,68.2,1418,2833,19488,173,121,167,5.9,8,,15,19
Sam Bradford,2010,9,"['Rams', 'Vikings', 'Eagles', 'Cardinals']",0,,129.982,62.5,84.5,1855,2967,19449,103,234,61,2.1,8,196,7,8
Brian Griese,,11,[],0,,,62.7,82.7,1752,2796,19440,119,209,99,3.5,12,193,9,12
Chris Miller,,13,[],0,,,54.6,74.9,1580,2892,19320,123,197,102,3.5,10,209,8,11
Daryle Lamonica,,12,[],0,,,49.5,72.9,1288,2601,19154,164,126,138,5.3,,166,18,17
Tobin Rote,,17,[],0,,,45.7,56.8,1329,2907,18850,148,126,191,6.6,13,,7,7
Billy Wade,,13,[],0,,,54.3,72.2,1370,2523,18530,124,144,134,5.3,8,128,10,11
Dan Pastorini,,13,[],0,,,50.9,59.1,1556,3055,18515,103,132,161,5.3,6,246,14,19
Mark Rypien,,14,[],0,,,56.1,78.9,1466,2613,18473,115,177,88,3.4,7,97,8,12
Bert Jones,,10,[],0,,,56.1,78.2,1430,2551,18190,124,178,101,4.0,7,232,8,11
Jim McMahon,,15,[],0,,,58.0,78.2,1492,2573,18148,100,152,90,3.5,7,226,11,14
Kyle Orton,2005,10,"['Broncos', 'Cowboys', 'Bills', 'Bears', 'Chiefs']",0,,30.868,59.5,81.2,1613,2712,18037,101,207,69,2.5,7,165,8,9
Chad Pennington,2000,11,"['Jets', 'Dolphins']",0,,61.456,66.0,90.1,1632,2471,17823,102,200,64,2.6,6,162,7,10
Justin Herbert,2020,5,['Chargers'],0,,39.476,66.5,95.7,1672,2513,17801,119,269,,1.7,4,136,11,14
Josh McCown,2002,18,"['Jets', 'Browns', 'Buccaneers', 'Lions', 'Panthers', 'Cardinals', 'Dolphins', 'Eagles', 'Raiders', 'Bears', 'Texans']",0,,51.231,60.2,79.7,1584,2633,17731,98,173,82,3.1,5,235,6,7
Blake Bortles,2014,6,"['Jaguars', 'Rams', 'Broncos', 'Saints', 'Packers']",0,,47.771,59.3,80.6,1562,2634,17649,103,226,75,2.8,13,195,6,8
Deshaun Watson,2017,8,"['Browns', 'Texans']",0,,142.762,66.0,98.8,1496,2265,17608,123,248,,2.1,4,237,9,11
Milt Plum,,13,[],0,,,54.0,72.2,1306,2419,17536,122,135,127,5.3,8,116,8,9
Matt Cassel,2005,14,"['Chiefs', 'Vikings', 'Titans', 'Cowboys', 'Patriots', 'Lions', 'Bills']",0,,65.494,58.8,78.5,1578,2683,17508,104,163,82,3.1,10,210,9,12
Wade Wilson,,18,[],0,,,57.3,75.6,1391,2428,17283,99,138,102,4.2,9,217,6,11
Bill Kenney,,9,[],0,,,54.7,77.0,1330,2430,17277,105,163,86,3.5,7,195,,6
Don Meredith,,9,[],0,,,50.7,74.8,1170,2308,17199,135,165,111,4.8,13,257,8,8
Stan Humphries,,9,[],0,,,56.9,75.8,1431,2516,17191,89,195,84,3.3,11,144,8,10
Lamar Jackson,2018,7,['Ravens'],0,,112.488,64.5,98.6,1460,2262,17093,134,187,,2.0,,174,9,11
Doug Williams,,12,[],0,,,49.5,69.4,1240,2507,16998,100,193,93,3.7,,84,17,20
Elvis Grbac,,8,[],0,,,59.1,79.6,1446,2445,16774,99,159,81,3.3,12,129,8,13
Jason Campbell,2005,9,"['Commanders', 'Raiders', 'Bears', 'Browns', 'Bengals']",0,,24.458,60.3,81.7,1519,2518,16771,87,186,60,2.4,5,170,7,10
Kyler Murray,2019,6,['Cardinals'],0,,99.134,66.7,92.6,1586,2377,16619,101,237,,2.0,7,160,9,11
Jeff Hostetler,,13,[],0,,,58.0,80.5,1357,2338,16430,94,108,71,3.0,7,207,8,10
Rodney Peete,,16,[],0,,,57.3,73.3,1344,2346,16338,76,157,92,3.9,7,244,9,14
Geno Smith,2013,12,"['Seahawks', 'Jets', 'Giants', 'Chargers']",0,,45.015,64.0,87.1,1457,2276,16289,89,198,61,2.7,9,190,10,16
Mike Tomczak,,15,[],0,,,53.4,68.9,1248,2337,16079,88,86,106,4.5,6,114,6,12
Greg Landry,,17,[],0,,,55.5,72.9,1276,2300,16052,98,109,103,4.5,5,316,8,8
Frank Ryan,,13,[],0,,,51.1,77.6,1090,2133,16042,149,127,111,5.2,4,196,8,9
David Garrard,2013,9,['Jets'],0,,0.688,61.6,85.8,1406,2281,16003,89,186,54,2.4,4,179,10,17
Marcus Mariota,2015,10,"['Titans', 'Raiders', 'Falcons', 'Eagles', 'Commanders']",0,,71.086,62.6,89.1,1328,2121,15818,93,173,55,2.6,6,186,11,14
Scott Mitchell,,11,[],0,,,55.5,75.3,1301,2346,15692,95,158,81,3.5,8,155,6,9
Ed Brown,,12,[],0,,,47.8,62.8,949,1987,15600,102,101,138,6.9,11,119,14,14
Jimmy Garoppolo,2014,10,"['49ers', 'Raiders', 'Patriots', 'Rams']",0,,150.776,67.4,97.6,1277,1895,15494,94,191,51,2.7,,137,13,13
Joe Burrow,2020,5,['Bengals'],0,,76.19,68.3,99.9,1413,2068,15453,109,271,,1.9,4,159,5,7
Mark Sanchez,2009,10,"['Jets', 'Eagles', 'Cowboys', 'Bears', 'Broncos', 'Commanders']",0,,66.298,56.6,73.2,1314,2320,15357,86,194,89,3.8,9,168,8,10
Erik Kramer,,13,[],0,,,57.3,76.6,1317,2299,15337,92,184,79,3.4,4,122,11,14
Tony Banks,,10,[],0,,,54.2,72.4,1278,2356,15315,77,159,73,3.1,7,227,5,7
Case Keenum,2012,11,"['Broncos', 'Browns', 'Texans', 'Commanders', 'Bills', 'Vikings', 'Rams']",0,,48.184,62.3,84.6,1392,2233,15175,79,189,51,2.3,6,131,7,11
Teddy Bridgewater,2014,10,"['Panthers', 'Saints', 'Vikings', 'Dolphins', 'Broncos', 'Lions', 'Jets']",0,,65.053,66.4,90.5,1372,2067,15120,75,191,,2.3,,166,5,7
Kordell Stewart,,11,[],0,,,55.8,70.7,1316,2358,14746,77,118,84,3.6,7,170,9,14
Doug Flutie,,20,[],0,,,54.7,76.3,1177,2151,14715,86,159,68,3.2,,107,8,10
Joey Harrington,,6,[],0,,,56.1,69.4,1424,2538,14693,79,181,85,3.3,14,124,6,7
Sid Luckman,,12,[],1,,,51.8,75.0,904,1744,14686,137,114,132,7.6,,,4,5
David Carr,2002,11,"['Texans', 'Giants', 'Panthers', '49ers']",0,,49.09,59.7,74.9,1353,2267,14452,65,153,71,3.1,7,267,7,11
Bubby Brister,,15,[],0,,,54.6,72.3,1207,2212,14445,81,145,78,3.5,7,193,9,11
Marc Wilson,,11,[],0,,,52.1,67.7,1085,2081,14391,86,114,102,4.9,,210,9,12
Nick Foles,2012,11,"['Jaguars', 'Bears', 'Eagles', 'Rams', 'Colts', 'Chiefs']",0,,83.756,62.4,86.2,1302,2087,14227,82,200,,2.3,5,127,11,13
Bill Nelsen,,10,[],0,,,50.6,70.2,963,1905,14165,98,157,101,5.3,10,146,8,8
Josh Freeman,2009,7,"['Buccaneers', 'Vikings', 'Giants', 'Colts', 'Dolphins']",0,,28.329,57.6,77.6,1179,2048,13873,81,223,68,3.3,6,112,9,10
Gary Danielson,,13,[],0,,,57.2,76.6,1105,1932,13764,81,136,78,4.0,4,183,5,11
Daniel Jones,2019,6,['Giants'],0,,72.129,64.2,85.3,1335,2078,13650,68,210,,2.1,,191,7,9
Eddie LeBaron,,12,[],0,,,50.0,61.4,898,1796,13399,104,100,141,7.9,10,,13,13
Chad Henne,2008,15,"['Jaguars', 'Chiefs', 'Dolphins']",0,,39.675,59.6,76.1,1200,2015,13290,60,170,63,3.1,7,151,4,5
Sam Darnold,2018,7,"['Jets', 'Panthers', 'Vikings', '49ers']",0,,60.116,60.0,80.1,1169,1948,13175,74,185,60,3.1,5,163,,5
Tua Tagovailoa,2020,5,['Dolphins'],0,,72.275,66.8,96.4,1136,1700,13122,83,238,,2.4,5,94,7,9
Bill Munson,,16,[],0,,,54.0,71.5,1070,1982,12896,84,120,80,4.0,,192,8,8
Trevor Lawrence,2021,4,['Jaguars'],0,,68.616,63.4,85.3,1209,1906,12870,64,234,,2.2,,106,5,7
Don Majkowski,,10,[],0,,,55.4,72.9,1056,1905,12700,66,141,67,3.5,8,180,10,13
Jalen Hurts,2020,5,['Eagles'],0,,28.898,63.7,90.7,1090,1710,12694,71,192,,2.2,4,126,7,9
Mitchell Trubisky,2017,8,"['Bears', 'Steelers', 'Bills']",0,,47.317,64.1,85.5,1202,1875,12541,72,171,,2.6,,129,5,8
Colin Kaepernick,2011,6,['49ers'],0,,43.349,59.8,88.9,1011,1692,12271,72,177,,1.8,,171,7,7
Tyrod Taylor,2011,14,"['Bills', 'Browns', 'Chargers', 'Giants', 'Texans', 'Jets', 'Ravens']",0,,75.295,61.8,88.5,1074,1738,12171,66,130,,1.7,,177,5,6
Rick Mirer,,11,[],0,,,53.3,63.5,1088,2043,11969,50,149,76,3.7,,199,8,9
Tom Flores,,10,[],1,,,48.9,67.6,838,1715,11959,93,112,92,5.4,5,175,9,8
Bob Waterfield,,8,[],1,,,50.3,61.6,814,1617,11849,97,130,128,7.9,5,,7,6
Jay Fiedler,,11,[],0,,,58.7,77.1,1008,1717,11844,69,155,66,3.8,8,114,8,9
Cotton Davidson,,15,[],0,,,43.9,54.9,770,1752,11760,73,105,108,6.2,5,110,5,
Vince Ferragamo,,10,[],0,,,55.9,70.1,902,1615,11336,76,151,91,5.6,5,94,5,5
Mike Livingston,,12,[],0,,,52.1,63.3,912,1751,11295,56,124,83,4.7,4,152,6,7
Jacoby Brissett,2016,9,"['Colts', 'Commanders', 'Patriots', 'Dolphins', 'Browns']",0,,54.72,61.1,84.5,1060,1735,11270,53,134,,1.4,4,147,4,5
Tony Eason,,8,[],0,,,58.2,79.7,911,1564,11142,61,123,51,3.3,,177,7,8
Tim Couch,1999,5,"['Browns', 'Packers']",0,,33.064,59.8,75.1,1025,1714,11131,64,179,67,3.9,8,166,10,11
Charlie Batch,,15,[],0,,,56.6,77.2,908,1604,11085,61,136,52,3.2,,161,9,11
Gardner Minshew II,,6,[],0,,,63.3,89.8,990,1563,10951,63,202,,1.9,,120,7,7
Brian Hoyer,2009,15,"['49ers', 'Colts', 'Patriots', 'Texans', 'Raiders', 'Browns', 'Bears', 'Cardinals', 'Steelers']",0,,38.798,59.3,82.0,925,1560,10899,53,138,,2.4,,90,6,6
Derek Anderson,2005,13,"['Browns', 'Panthers', 'Cardinals', 'Bills', 'Ravens']",0,,29.406,54.3,70.4,909,1674,10878,60,139,64,3.8,9,,5,7
Frankie Albert,,7,[],0,,,53.1,73.5,831,1564,10795,115,119,98,6.3,,,5,7
Billy Joe Tolliver,,11,[],0,,,52.2,67.7,891,1707,10760,59,136,64,3.7,5,125,5,5
Eric Hipple,,10,[],0,,,53.7,68.7,830,1546,10711,55,105,70,4.5,6,160,4,
Byron Leftwich,,10,[],0,,,57.9,78.9,930,1605,10532,58,175,,2.6,,92,7,10
Mike Phipps,,12,[],0,,,49.2,52.6,886,1799,10506,55,88,108,6.0,,172,12,12
George Ratterman,,10,[],0,,,,,737,1396,10473,91,,96,,,,,
Steve Bono,,15,[],0,,,54.9,75.3,934,1701,10439,62,118,,2.5,5,,6,5
Tommy Thompson,,11,[],0,,,,,732,1424,10385,91,,103,,,,,6
Zeke Bratkowski,,18,[],0,,,,,762,1484,10345,65,,122,,8,94,5,7
Frank Tripucka,,15,[],0,,,50.4,52.2,879,1745,10282,69,137,124,7.1,12,,8,8
Dave Brown,,10,[],0,,,54.6,67.9,892,1634,10248,44,140,58,3.5,6,181,,
Jack Trudeau,,10,[],0,,,53.1,63.3,873,1644,10243,,152,69,4.2,4,103,10,10
Rex Grossman,,9,['Browns'],0,,0.05,55.2,71.4,863,1562,10232,56,189,60,3.8,5,92,6,9
Mark Malone,,10,[],0,,,50.9,61.9,839,1648,10175,60,139,81,4.9,,86,4,7
Blaine Gabbert,2011,13,"['Jaguars', 'Buccaneers', '49ers', 'Titans', 'Chiefs', 'Cardinals']",0,,27.762,56.3,71.7,882,1568,9487,51,137,50,3.2,7,141,8,8
Vince Evans,,19,[],0,,,,,704,1390,9485,52,,74,,6,118,,5
Bobby Thomason,,9,[],0,,,,,687,1346,9480,68,,90,,,,4,5
Lamar McHan,,10,[],0,,,,,610,1442,9449,73,,108,,4,,6,6
Gary Hogeboom,,10,[],0,,,,,743,1325,9436,49,,60,,9,118,4,6
Mike Pagel,,12,[],0,,,50.1,63.3,756,1509,9414,49,71,63,4.2,4,115,6,8
Pat Haden,,6,[],0,,,,,731,1363,9296,52,,60,,,115,5,8
Robert Griffin III,2012,9,"['Commanders', 'Browns', 'Ravens']",0,,33.719,,,799,1268,9271,,,,,,131,4,5
Bob Berry,,11,[],0,,,,,661,1173,9197,64,,64,,4,193,4,5
Vince Young,2006,6,"['Titans', 'Eagles', 'Bills']",0,,34.77,,,755,1304,8964,46,,51,,,83,7,13
Mac Jones,2021,4,['Patriots'],0,,12.801,,,869,1316,8940,46,,,,6,85,,
Kyle Boller,,9,[],0,,,56.7,69.5,861,1519,8931,48,133,54,3.6,5,123,4,6
John Friesz,,11,[],0,,,,,745,1364,8699,45,,,,,,7,7
Jim Finks,,7,[],1,,,,,661,1382,8622,55,,88,,7,,8,9
David Woodley,,6,[],0,,,,,687,1300,8558,48,,63,,6,84,,5
Rudy Bukich,,16,[],0,,,,,626,1190,8433,61,,74,,8,88,7,5
Randy Johnson,,11,[],0,,,,,647,1286,8329,51,,90,,7,152,,
Shaun Hill,2002,12,"['Lions', 'Vikings', '49ers', 'Rams']",0,,26.456,,,757,1225,8295,49,,,,,84,4,5
Pete Beathard,,10,[],0,,,,,,1282,8176,,,84,,5,87,,
James Harris,,11,[],0,,,,,607,1149,8136,45,,59,,,101,6,9
Tommy Maddox,,14,[],0,,,,,686,1200,8087,48,,54,,7,94,,
Arnie Herber,,16,[],1,,,,,,1175,8041,81,,106,,,,,
Colt McCoy,2010,13,"['Commanders', 'Cardinals', 'Giants', 'Browns']",0,,26.268,,,764,1220,7975,,,,,,113,,5
Steve Walsh,,11,[],0,,,,,713,1317,7875,,,50,,7,,4,9
Kent Graham,,10,[],0,,,,,694,1339,7801,,,,,,100,8,9
Trevor Siemian,2015,9,"['Jets', 'Bears', 'Vikings', 'Broncos', 'Saints', 'Bengals', 'Titans']",0,,9.523,,,707,1208,7751,44,,,,5,85,5,
Al Dorow,,9,[],0,,,,,,1207,7708,64,,93,,5,,5,5
Justin Fields,2021,4,['Bears'],0,,15.639,,,670,,7635,45,,,,4,148,,
Craig Erickson,,6,[],0,,,,,591,,7625,,,,,4,82,,
Matt Moore,2007,13,"['Dolphins', 'Panthers', 'Chiefs', 'Cowboys']",0,,25.769,,,645,,7597,49,,,,4,87,6,8
Brock Osweiler,2012,7,"['Texans', 'Browns', 'Broncos', 'Dolphins']",0,,41.397,,,697,1165,7418,,,,,,,5,5
Gary Cuozzo,,10,[],0,,,,,,1182,7402,,,55,,,114,4,5
Paul Christman,,6,[],0,,,,,,1140,7294,58,,76,,,,4,
Tarvaris Jackson,2015,10,"['Seahawks', 'Bills']",0,,2.0,,,640,,7263,,,,,,90,,
Steve Fuller,,8,[],0,,,,,605,,7156,,,,,,152,6,8
Dick Wood,,5,[],0,,,,,,1194,7153,51,,71,,,,,
Mike Glennon,2013,,"['Bears', 'Cardinals', 'Buccaneers', 'Raiders', 'Giants', 'Jaguars', 'Dolphins']",0,,29.487,,,689,1147,,47,,,,,83,,
Christian Ponder,2011,,"['Vikings', 'Raiders', '49ers', 'Broncos']",0,,12.546,,,632,,,,,,,7,95,,
Jim Miller,,,[],0,,,,,610,,,,,,,,,5,6
Taylor Heinicke,2015,,"['Falcons', 'Commanders', 'Vikings', 'Panthers', 'Texans', 'Patriots']",0,,15.71,,,606,,,,,,,,,5,5
Randy Wright,,,[],0,,,,,602,1119,,,,57,,6,85,,
Steve Spurrier,,,[],0,,,,,597,1151,,,,60,,5,85,,
Bobby Douglass,,,[],0,,,,,,1178,,,,64,,4,180,,
Bob Avellini,,,[],0,,,,,,1110,,,,69,,,110,7,10
Jack Concannon,,,[],0,,,,,,1110,,,,63,,,91,,
Benny Friedman,,,[],1,,,,,,,,66,,,,,,,
Adrian Burk,,,[],0,,,,,,,,61,,89,,4,,4,
Cecil Isbell,,,[],0,,,,,,,,61,,52,,,,,
Jim Hardy,,,[],0,,,,,,,,54,,73,,,,,
Brock Purdy,2022,,['49ers'],0,,1.652,,,,,,50,,,,,,,
Red Dunn,,,[],0,,,,,,,,48,,,,,,,
Frank Filchock,,,[],0,,,,,,,,47,,79,,,,,
Jacky Lee,,,[],0,,,,,,,,46,,57,,5,,,
Glenn Dobbs,,,[],0,,,,,,,,45,,52,,,,,
Don Strock,,,[],0,,,,,,,,45,,,,,,7,8
Roy Zimmerman,,,[],0,,,,,,,,44,,70,,,,,
King Hill,,,[],0,,,,,,,,,,71,,7,,,
Dennis Shaw,,,[],0,,,,,,,,,,68,,,124,6,5
Parker Hall,,,[],0,,,,,,,,,,67,,,,,
Jim Ninowski,,,[],0,,,,,,,,,,67,,4,,,
Joe Kapp,,,[],0,,,,,,,,,,64,,7,109,4,
George Shaw,,,[],0,,,,,,,,,,63,,,,,
Mike Taliaferro,,,[],0,,,,,,,,,,63,,,,,
Steve Ramsey,,,[],0,,,,,,,,,,58,,4,110,,5
Bob Hoernschemeyer,,,[],0,,,,,,,,,,56,,,,,
Dave Wilson,,,[],0,,,,,,,,,,55,,,99,,
Scott Brunner,,,[],0,,,,,,,,,,54,,5,,4,7
Johnny Lujack,,,[],0,,,,,,,,,,54,,,,,
Fred Enke,,,[],0,,,,,,,,,,53,,,,,
Irv Comp,,,[],0,,,,,,,,,,52,,,,,
Ralph Guglielmi,,,[],0,,,,,,,,,,52,,,,,
Charlie O'Rourke,,,[],0,,,,,,,,,,51,,,,,
David Whitehurst,,,[],0,,,,,,,,,,51,,4,99,,
Marty Domres,,,[],0,,,,,,,,,,50,,4,,,
Gary Huff,,,[],0,,,,,,,,,,50,,,82,,
Ace Parker,,,[],1,,,,,,,,,,50,,,,,
Bud Schwenk,,,[],0,,,,,,,,,,50,,,,,
Rob Johnson,1995,,"['Bills', 'Commanders', 'Jaguars', 'Buccaneers', 'Raiders']",0,,21.495,,,,,,,,,,,140,4,
Hugh Millen,,,[],0,,,,,,,,,,,,,126,,5
Zach Wilson,2021,,['Jets'],0,,32.424,,,,,,,,,,,113,5,5
Joe Pisarcik,,,[],0,,,,,,,,,,,,4,112,,
J.P. Losman,,,[],0,,,,,,,,,,,,,108,,6
Damon Huard,,,[],0,,,,,,,,,,,,,94,6,8
Dick Shiner,,,[],0,,,,,,,,,,,,5,94,,
Bob Lee,,,[],0,,,,,,,,,,,,,93,,5
David Archer,,,[],0,,,,,,,,,,,,,89,,
David Klingler,,,[],0,,,,,,,,,,,,,87,,
Jack Thompson,,,[],0,,,,,,,,,,,,,85,,
Steve Tensi,,,[],0,,,,,,,,,,,,5,82,,
Don Trull,,,[],0,,,,,,,,,,,,5,,,
Ty Detmer,,,[],0,,,,,,,,,,,,6,,5,6
Trent Edwards,,,[],0,,,,,,,,,,,,6,,4,5
A.J. Feeley,,,[],0,,,,,,,,,,,,6,,,5
Ryan Leaf,,,[],0,,,,,,,,,,,,6,,,
Kellen Clemens,2014,,['Chargers'],0,,5.145,,,,,,,,,,5,,,
Scott Hunter,,,[],0,,,,,,,,,,,,5,,6,9
George Izo,,,[],0,,,,,,,,,,,,5,,,
Danny Kanell,,,[],0,,,,,,,,,,,,5,,,
Mike McMahon,,,[],0,,,,,,,,,,,,5,,,
Chris Redman,,,[],0,,,,,,,,,,,,5,,,
Josh Rosen,2018,,"['Cardinals', 'Dolphins', 'Falcons', 'Buccaneers', '49ers', 'Browns', 'Vikings']",0,,18.785,,,,,,,,,,5,,,
Chris Weinke,,,[],0,,,,,,,,,,,,5,,,
Tony Adams,,,[],0,,,,,,,,,,,,4,,,
Todd Blackledge,,,[],0,,,,,,,,,,,,4,,,
Todd Bouman,,,[],0,,,,,,,,,,,,4,,,
Stoney Case,,,[],0,,,,,,,,,,,,4,,,
Austin Davis,2012,,"['Browns', 'Broncos', 'Rams', 'Seahawks', 'Titans', 'Dolphins']",0,,5.214,,,,,,,,,,4,,,
Ken Dorsey,,,[],0,,,,,,,,,,,,4,,,
Matt Flynn,2008,,"['Seahawks', 'Raiders', 'Packers', 'Saints', 'Bills', 'Jets', 'Patriots']",0,,17.759,,,,,,,,,,4,,4,
Bob Gagliano,,,[],0,,,,,,,,,,,,4,,,
George Herring,,,[],0,,,,,,,,,,,,4,,,
Kelly Holcomb,,,[],0,,,,,,,,,,,,4,,,
Sam Howell,2022,,['Commanders'],0,,1.937,,,,,,,,,,4,,,
Kevin Kolb,2007,,"['Cardinals', 'Eagles', 'Bills']",0,,37.68,,,,,,,,,,4,,4,
Pete Liske,,,[],0,,,,,,,,,,,,4,,,
Shane Matthews,,,[],0,,,,,,,,,,,,4,,,
Nick Mullens,2017,,"['Vikings', '49ers', 'Raiders', 'Browns', 'Eagles']",0,,6.525,,,,,,,,,,4,,,
Rick Norton,,,[],0,,,,,,,,,,,,4,,,
Patrick Ramsey,,,[],0,,,,,,,,,,,,4,,,
Frank Reich,,,[],0,,,,,,,,,,,,4,,,
M.C. Reynolds,,,[],0,,,,,,,,,,,,4,,,
Turk Schonert,,,[],0,,,,,,,,,,,,4,,,
Billy Volek,,,[],0,,,,,,,,,,,,4,,,
Tommy Wade,,,[],0,,,,,,,,,,,,4,,,
Danny Wuerffel,,,[],0,,,,,,,,,,,,4,,,
Quincy Carter,,,[],0,,,,,,,,,,,,,,5,7
Bruce Gradkowski,2013,,['Steelers'],0,,5.163,,,,,,,,,,,,6,7
Kenny Pickett,2022,,['Steelers'],0,,9.461,,,,,,,,,,,,6,7
John Skelton,,,[],0,,,,,,,,,,,,,,6,7
Tim Tebow,2010,,"['Broncos', 'Jets']",0,,9.595,,,,,,,,,,,,6,6
Cody Carlson,,,[],0,,,,,,,,,,,,,,4,5
Todd Collins,,,[],0,,,,,,,,,,,,,,,5
Steve Dils,,,[],0,,,,,,,,,,,,,,,5
Johnny Green,,,[],0,,,,,,,,,,,,,,4,5
Jeff Kemp,,,[],0,,,,,,,,,,,,,,4,5
Shaun King,,,[],0,,,,,,,,,,,,,,4,5
Paul McDonald,,,[],0,,,,,,,,,,,,,,,5
Desmond Ridder,2022,,['Falcons'],0,,2.734,,,,,,,,,,,,,5
Jeff Rutledge,,,[],0,,,,,,,,,,,,,,4,5
C.J. Stroud,2023,,['Texans'],0,,24.135,,,,,,,,,,,,,5
Drew Stanton,2007,,"['Cardinals', 'Browns', 'Lions', 'Colts', 'Jets', 'Buccaneers']",0,,26.36,,,,,,,,,,,,4,
Cliff Stoudt,,,[],0,,,,,,,,,,,,,,4,
Matt Stafford,2009,,"['Lions', 'Rams']",,,328.0,,,,,,,,,,,,,
Jordan Love,2020,,['Packers'],,,94.883,,,,,,,,,,,,,
Chase Daniel,2009,,"['Eagles', 'Chiefs', 'Bears', 'Lions', 'Chargers', 'Saints', 'Commanders']",,,43.102,,,,,,,,,,,,,
JaMarcus Russell,2007,,['Raiders'],,,39.365,,,,,,,,,,,,,
Trey Lance,2021,,"['49ers', 'Cowboys']",,,28.795,,,,,,,,,,,,,
Caleb Williams,2024,,['Bears'],,,25.537,,,,,,,,,,,,,
Bryce Young,2023,,['Panthers'],,,25.354,,,,,,,,,,,,,
Jayden Daniels,2024,,['Commanders'],,,24.272,,,,,,,,,,,,,
Drake Maye,2024,,['Patriots'],,,23.467,,,,,,,,,,,,,
Matt Leinart,2006,,"['Cardinals', 'Texans', 'Raiders']",,,22.645,,,,,,,,,,,,,
Anthony Richardson,2023,,['Colts'],,,22.473,,,,,,,,,,,,,
Charlie Whitehurst,2006,,"['Seahawks', 'Chargers', 'Titans', 'Colts', 'Browns']",,,17.5,,,,,,,,,,,,,
Luke McCown,2004,,"['Jaguars', 'Buccaneers', 'Saints', 'Falcons', 'Browns', 'Cowboys']",,,17.31,,,,,,,,,,,,,
Gardner Minshew,2019,,"['Raiders', 'Colts', 'Eagles', 'Jaguars']",,,16.252,,,,,,,,,,,,,
A.J. McCarron,2014,,"['Texans', 'Bills', 'Bengals', 'Falcons', 'Raiders']",,,16.016,,,,,,,,,,,,,
Dwayne Haskins,2019,,"['Commanders', 'Steelers']",,,15.267,,,,,,,,,,,,,
Michael Penix Jr.,2024,,['Falcons'],,,13.462,,,,,,,,,,,,,
Drew Lock,2019,,"['Broncos', 'Seahawks', 'Giants']",,,13.011,,,,,,,,,,,,,
J.J. McCarthy,2024,,['Vikings'],,,12.714,,,,,,,,,,,,,
Jake Locker,2011,,['Titans'],,,12.586,,,,,,,,,,,,,
C.J. Beathard,2017,,"['Jaguars', '49ers']",,,11.501,,,,,,,,,,,,,
Mason Rudolph,2018,,"['Steelers', 'Titans']",,,11.337,,,,,,,,,,,,,
Nate Sudfeld,2016,,"['Eagles', 'Lions', '49ers', 'Commanders']",,,11.003,,,,,,,,,,,,,
Brandon Weeden,2012,,"['Browns', 'Texans', 'Cowboys', 'Titans']",,,10.876,,,,,,,,,,,,,
Matt Barkley,2013,,"['Bills', 'Eagles', 'Cardinals', 'Bengals', 'Bears', '49ers', 'Panthers', 'Giants', 'Jaguars', 'Titans', 'Falcons']",,,10.648,,,,,,,,,,,,,
Taysom Hill,2017,,"['Saints', 'Packers']",,,10.511,,,,,,,,,,,,,
Bo Nix,2024,,['Broncos'],,,10.357,,,,,,,,,,,,,
E.J. Manuel,2013,,"['Bills', 'Raiders']",,,9.785,,,,,,,,,,,,,
Ryan Mallett,2011,,"['Texans', 'Ravens', 'Patriots']",,,9.517,,,,,,,,,,,,,
Josh Johnson,2008,,"['Buccaneers', 'Ravens', 'Bengals', 'Lions', 'Giants', '49ers', 'Bills', 'Broncos', 'Jets', 'Commanders', 'Texans', 'Colts', 'Raiders', 'Browns']",,,9.481,,,,,,,,,,,,,
Mike White,2018,,"['Dolphins', 'Jets', 'Cowboys']",,,9.101,,,,,,,,,,,,,
Paxton Lynch,2016,,"['Broncos', 'Steelers']",,,8.829,,,,,,,,,,,,,
Jeff Driskel,2016,,"['Texans', 'Broncos', 'Bengals', 'Lions', 'Cardinals', 'Browns', '49ers']",,,8.07,,,,,,,,,,,,,
Joshua Dobbs,2017,,"['Steelers', 'Browns', 'Vikings', 'Cardinals', 'Jaguars', '49ers', 'Titans', 'Lions']",,,7.836,,,,,,,,,,,,,
Jarrett Stidham,2019,,"['Broncos', 'Patriots', 'Raiders']",,,7.621,,,,,,,,,,,,,
Tim Boyle,2018,,"['Lions', 'Packers', 'Jets', 'Bears', 'Dolphins', 'Texans']",,,7.193,,,,,,,,,,,,,
Sean Mannion,2015,,"['Vikings', 'Rams', 'Seahawks']",,,7.191,,,,,,,,,,,,,
Brandon Allen,2016,,"['Bengals', '49ers', 'Rams', 'Broncos', 'Jaguars']",,,6.882,,,,,,,,,,,,,
Cooper Rush,2017,,"['Cowboys', 'Giants']",,,6.718,,,,,,,,,,,,,
Brett Hundley,2015,,"['Cardinals', 'Packers', 'Seahawks', 'Colts', 'Ravens', 'Saints']",,,6.049,,,,,,,,,,,,,
Ryan Griffin,2017,,"['Buccaneers', 'Saints']",,,5.941,,,,,,,,,,,,,
Kyle Allen,2018,,"['Texans', 'Commanders', 'Bills', 'Panthers', 'Steelers']",,,5.937,,,,,,,,,,,,,
Davis Mills,2021,,['Texans'],,,5.866,,,,,,,,,,,,,
Nathan Peterman,2017,,"['Raiders', 'Bears', 'Bills', 'Saints']",,,5.605,,,,,,,,,,,,,
Phillip Walker,2017,,"['Panthers', 'Bears', 'Browns', 'Colts']",,,5.552,,,,,,,,,,,,,
Johnny Manziel,2014,,['Browns'],,,5.534,,,,,,,,,,,,,
Landry Jones,2013,,"['Steelers', 'Jaguars']",,,5.239,,,,,,,,,,,,,
Easton Stick,2019,,['Chargers'],,,5.231,,,,,,,,,,,,,
Tyler Huntley,2020,,"['Ravens', 'Browns']",,,5.097,,,,,,,,,,,,,
Will Levis,2023,,['Titans'],,,4.69,,,,,,,,,,,,,
Will Grier,2019,,"['Panthers', 'Cowboys', 'Patriots', 'Chargers', 'Bengals']",,,4.643,,,,,,,,,,,,,
Joe Webb,2010,,"['Vikings', 'Texans', 'Giants', 'Lions']",,,4.303,,,,,,,,,,,,,
Tyler Bray,2015,,"['Chiefs', 'Bears', '49ers']",,,4.183,,,,,,,,,,,,,
Kyle Trask,2021,,['Buccaneers'],,,4.121,,,,,,,,,,,,,
Matt McGloin,2013,,"['Raiders', 'Texans', 'Eagles']",,,4.109,,,,,,,,,,,,,
DeShone Kizer,2017,,"['Browns', 'Raiders', 'Packers', 'Titans']",,,3.943,,,,,,,,,,,,,
Brett Rypien,2019,,"['Broncos', 'Rams', 'Jets', 'Seahawks']",,,3.707,,,,,,,,,,,,,
John Wolford,2019,,"['Rams', 'Buccaneers']",,,3.697,,,,,,,,,,,,,
Scott Tolzien,2016,,"['Colts', 'Packers']",,,3.607,,,,,,,,,,,,,
David Fales,2014,,"['Dolphins', 'Jets', 'Bears', 'Ravens']",,,3.258,,,,,,,,,,,,,
T.J. Yates,2011,,"['Texans', 'Falcons', 'Dolphins', 'Bills']",,,3.21,,,,,,,,,,,,,
Logan Woodside,2019,,"['Titans', 'Falcons', 'Bengals']",,,3.084,,,,,,,,,,,,,
David Blough,2019,,"['Lions', 'Cardinals', 'Vikings', 'Browns']",,,3.084,,,,,,,,,,,,,
Kevin Hogan,2016,,"['Broncos', 'Browns', 'Texans', 'Titans', 'Chiefs', 'Bengals']",,,3.054,,,,,,,,,,,,,
Tom Savage,2014,,"['Texans', '49ers', 'Bengals', 'Saints', 'Lions']",,,3.035,,,,,,,,,,,,,
Cody Kessler,2016,,"['Browns', 'Jaguars', 'Patriots', 'Eagles']",,,3.028,,,,,,,,,,,,,
Trace McSorley,2019,,"['Ravens', 'Cardinals', 'Steelers', 'Bears']",,,2.923,,,,,,,,,,,,,
Ryan Nassib,2013,,"['Giants', 'Jaguars', 'Saints']",,,2.876,,,,,,,,,,,,,
Kellen Mond,2021,,"['Vikings', 'Browns', 'Colts']",,,2.872,,,,,,,,,,,,,
Davis Webb,2017,,"['Giants', 'Bills', 'Jets']",,,2.776,,,,,,,,,,,,,
Christian Hackenberg,2016,,"['Jets', 'Bengals']",,,2.77,,,,,,,,,,,,,
Malik Willis,2022,,['Titans'],,,2.766,,,,,,,,,,,,,
Alex Tanney,2015,,"['Giants', 'Titans', 'Cowboys', 'Colts', 'Bills']",,,2.755,,,,,,,,,,,,,
Garrett Gilbert,2014,,"['Browns', 'Cowboys', 'Patriots', 'Panthers', 'Commanders', 'Rams', 'Raiders', 'Lions']",,,2.669,,,,,,,,,,,,,
Jacob Eason,2020,,"['Colts', 'Seahawks', 'Panthers', 'Giants', '49ers']",,,2.544,,,,,,,,,,,,,
Sam Ehlinger,2021,,['Colts'],,,2.474,,,,,,,,,,,,,
Bryce Petty,2015,,"['Jets', 'Dolphins']",,,2.253,,,,,,,,,,,,,
Bailey Zappe,2022,,['Patriots'],,,2.222,,,,,,,,,,,,,
Dan Orlovsky,2015,,"['Lions', 'Rams']",,,2.175,,,,,,,,,,,,,
Ian Book,2021,,"['Saints', 'Eagles', 'Patriots']",,,2.171,,,,,,,,,,,,,
Feleipe Franks,2021,,"['Falcons', 'Panthers']",,,2.109,,,,,,,,,,,,,
Jake Luton,2020,,"['Jaguars', 'Saints', 'Panthers', 'Seahawks', 'Dolphins']",,,2.092,,,,,,,,,,,,,
Ryan Finley,2019,,['Bengals'],,,1.96,,,,,,,,,,,,,
Kyle Lauletta,2018,,"['Giants', 'Eagles', 'Browns', 'Jaguars', 'Falcons']",,,1.931,,,,,,,,,,,,,
Ricky Stanzi,2011,,"['Chiefs', 'Jaguars', 'Lions', 'Texans']",,,1.755,,,,,,,,,,,,,
Connor Cook,2016,,"['Raiders', 'Bengals', 'Lions', 'Panthers']",,,1.749,,,,,,,,,,,,,
Jake Rudock,2016,,"['Lions', 'Dolphins']",,,1.733,,,,,,,,,,,,,
Jake Fromm,2020,,"['Bills', 'Commanders', 'Giants']",,,1.718,,,,,,,,,,,,,
Bryce Perkins,2020,,['Rams'],,,1.66,,,,,,,,,,,,,
Hendon Hooker,2023,,['Lions'],,,1.659,,,,,,,,,,,,,
Jake Browning,2019,,"['Bengals', 'Vikings']",,,1.658,,,,,,,,,,,,,
Skylar Thompson,2022,,['Dolphins'],,,1.657,,,,,,,,,,,,,
Zach Mettenberger,2014,,"['Titans', 'Steelers']",,,1.655,,,,,,,,,,,,,
Logan Thomas,2014,,"['Cardinals', 'Dolphins', '49ers', 'Lions', 'Giants']",,,1.649,,,,,,,,,,,,,
James Morgan,2020,,"['Jets', 'Panthers', 'Colts', 'Cardinals', 'Steelers']",,,1.571,,,,,,,,,,,,,
Ryan Lindley,2012,,"['Cardinals', 'Chargers', 'Colts']",,,1.547,,,,,,,,,,,,,
Zac Dysert,2013,,"['Broncos', 'Cowboys', 'Cardinals', 'Texans', 'Bills']",,,1.531,,,,,,,,,,,,,
Cardale Jones,2016,,"['Bills', 'Chargers', 'Seahawks']",,,1.519,,,,,,,,,,,,,
Chris Streveler,2020,,"['Cardinals', 'Jets', 'Ravens']",,,1.513,,,,,,,,,,,,,
Kellen Moore,2017,,"['Cowboys', 'Lions']",,,1.485,,,,,,,,,,,,,
Shane Buechele,2021,,"['Chiefs', 'Bills']",,,1.481,,,,,,,,,,,,,
Garrett Grayson,2015,,"['Saints', 'Falcons', 'Broncos']",,,1.475,,,,,,,,,,,,,
Kyle Sloter,2017,,"['Vikings', 'Lions', 'Cardinals', 'Bears', 'Raiders', 'Broncos']",,,1.456,,,,,,,,,,,,,
Matt Corral,2022,,['Panthers'],,,1.381,,,,,,,,,,,,,
Sean Renfree,2013,,"['Falcons', 'Buccaneers']",,,1.359,,,,,,,,,,,,,
Aidan O'Connell,2023,,['Raiders'],,,1.259,,,,,,,,,,,,,
Aaron Murray,2014,,"['Chiefs', 'Eagles', 'Cardinals']",,,1.246,,,,,,,,,,,,,
Jake Haener,2023,,['Saints'],,,1.205,,,,,,,,,,,,,
Ben DiNucci,2020,,"['Cowboys', 'Broncos']",,,1.196,,,,,,,,,,,,,
Alex McGough,2018,,"['Texans', 'Seahawks', 'Packers', 'Jaguars']",,,1.181,,,,,,,,,,,,,
Chad Kelly,2017,,"['Broncos', 'Colts']",,,1.166,,,,,,,,,,,,,
Stetson Bennett,2023,,['Rams'],,,1.149,,,,,,,,,,,,,
Jimmy Clausen,2015,,"['Bears', 'Ravens']",,,1.125,,,,,,,,,,,,,
Clayton Tune,2023,,['Cardinals'],,,1.101,,,,,,,,,,,,,
Sean Clifford,2023,,['Packers'],,,1.074,,,,,,,,,,,,,
Reid Sinnett,2020,,"['Dolphins', 'Eagles', 'Buccaneers', 'Bengals']",,,1.065,,,,,,,,,,,,,
Dorian Thompson-Robinson,2023,,['Browns'],,,1.059,,,,,,,,,,,,,
Jaren Hall,2023,,['Vikings'],,,1.029,,,,,,,,,,,,,
Kurt Benkert,2018,,"['Falcons', 'Packers', '49ers']",,,1.023,,,,,,,,,,,,,
Brad Kaaya,2017,,"['Colts', 'Lions', 'Panthers']",,,1.017,,,,,,,,,,,,,
B.J. Daniels,2013,,"['Seahawks', '49ers', 'Falcons', 'Texans']",,,1.0,,,,,,,,,,,,,
Tanner McKee,2023,,['Eagles'],,,0.937,,,,,,,,,,,,,
Danny Etling,2018,,"['Patriots', 'Packers', 'Seahawks', 'Falcons', 'Jaguars', 'Broncos']",,,0.841,,,,,,,,,,,,,
Seneca Wallace,2013,,['Packers'],,,0.84,,,,,,,,,,,,,
Joe Callahan,2016,,"['Packers', 'Browns', 'Saints', 'Lions']",,,0.837,,,,,,,,,,,,,
Greg McElroy,2011,,"['Jets', 'Bengals']",,,0.815,,,,,,,,,,,,,
Tyson Bagent,2023,,['Bears'],,,0.775,,,,,,,,,,,,,
Clayton Thorson,2019,,"['Eagles', 'Giants', 'Cowboys']",,,0.726,,,,,,,,,,,,,
Luke Falk,2018,,"['Dolphins', 'Jets', 'Titans']",,,0.719,,,,,,,,,,,,,
Nate Stanley,2020,,['Vikings'],,,0.707,,,,,,,,,,,,,
Curtis Painter,2013,,['Giants'],,,0.695,,,,,,,,,,,,,
Chris Oladokun,2022,,"['Chiefs', 'Steelers']",,,0.678,,,,,,,,,,,,,
Jacob Dolegala,2019,,"['Bengals', 'Patriots', 'Dolphins']",,,0.671,,,,,,,,,,,,,
Tyler Wilson,2013,,"['Raiders', 'Titans']",,,0.654,,,,,,,,,,,,,
Malik Cunningham,2023,,"['Patriots', 'Ravens']",,,0.653,,,,,,,,,,,,,
Brad Sorensen,2013,,"['Chargers', 'Titans']",,,0.642,,,,,,,,,,,,,
Josh Woodrum,2017,,"['Commanders', 'Ravens', 'Browns', 'Bears', 'Colts']",,,0.638,,,,,,,,,,,,,
Stephen Morris,2015,,"['Colts', 'Eagles', 'Jaguars']",,,0.63,,,,,,,,,,,,,
Tommy DeVito,2023,,['Giants'],,,0.622,,,,,,,,,,,,,
Nathan Rourke,2023,,"['Jaguars', 'Patriots']",,,0.615,,,,,,,,,,,,,
Devlin Hodges,2019,,['Steelers'],,,0.597,,,,,,,,,,,,,
Trevone Boykin,2016,,['Seahawks'],,,0.587,,,,,,,,,,,,,
Nathan Enderle,2011,,['Bears'],,,0.544,,,,,,,,,,,,,
Brady Quinn,2013,,"['Rams', 'Jets', 'Seahawks']",,,0.536,,,,,,,,,,,,,
Matt Simms,2019,,"['Falcons', 'Jets']",,,0.525,,,,,,,,,,,,,
Thaddeus Lewis,2016,,"['49ers', 'Bills']",,,0.458,,,,,,,,,,,,,
Chandler Harnish,2012,,"['Colts', 'Vikings']",,,0.45,,,,,,,,,,,,,
Tyree Jackson,,,"['Giants', 'Bills']",,,0.45,,,,,,,,,,,,,
Steven Montez,2020,,"['Commanders', 'Lions']",,,0.435,,,,,,,,,,,,,
Zac Robinson,2013,,['Bengals'],,,0.418,,,,,,,,,,,,,
Kyle Shurmur,2019,,"['Chiefs', 'Commanders', 'Bengals']",,,0.388,,,,,,,,,,,,,
Keith Wenning,2014,,"['Ravens', 'Bengals', 'Giants']",,,0.387,,,,,,,,,,,,,
Anthony Brown,2022,,['Ravens'],,,0.365,,,,,,,,,,,,,
Max Duggan,2023,,['Chargers'],,,0.362,,,,,,,,,,,,,
Max McCaffrey,2017,,"['Jaguars', '49ers', 'Packers', 'Saints', 'Raiders']",,,0.349,,,,,,,,,,,,,
Brandon Doughty,2017,,['Dolphins'],,,0.343,,,,,,,,,,,,,
Spencer Rattler,2024,,['Saints'],,,0.336,,,,,,,,,,,,,
Carson Strong,,,"['Eagles', 'Cardinals']",,,0.332,,,,,,,,,,,,,
Matt Blanchard,,,"['Panthers', 'Browns', 'Colts']",,,0.295,,,,,,,,,,,,,
Tanner Lee,2018,,['Jaguars'],,,0.291,,,,,,,,,,,,,
Chase Garbers,2022,,['Raiders'],,,0.277,,,,,,,,,,,,,
Connor Shaw,,,"['Bears', 'Browns']",,,0.27,,,,,,,,,,,,,
EJ Perry,2022,,['Jaguars'],,,0.266,,,,,,,,,,,,,
Jordan Travis,2024,,['Jets'],,,0.254,,,,,,,,,,,,,
Sam Hartman,2024,,['Commanders'],,,0.245,,,,,,,,,,,,,
Tommy Stevens,2020,,"['Saints', 'Panthers']",,,0.242,,,,,,,,,,,,,
Jarrett Guarantano,2022,,"['Broncos', 'Cardinals']",,,0.224,,,,,,,,,,,,,
Mike Kafka,,,"['Buccaneers', 'Vikings', 'Titans']",,,0.216,,,,,,,,,,,,,
Chase Litton,2018,,"['Chiefs', 'Jaguars']",,,0.205,,,,,,,,,,,,,
Adam Weber,2011,,"['Broncos', 'Buccaneers']",,,0.204,,,,,,,,,,,,,
Jameill Showers,2015,,['Cowboys'],,,0.192,,,,,,,,,,,,,
Chad Kanoff,2018,,"['Cardinals', 'Lions']",,,0.188,,,,,,,,,,,,,
Joe Milton III,2024,,['Patriots'],,,0.183,,,,,,,,,,,,,
Brian Lewerke,2021,,"['Giants', 'Patriots']",,,0.177,,,,,,,,,,,,,
Jordan Ta'amu,2020,,"['Chiefs', 'Panthers']",,,0.163,,,,,,,,,,,,,
J.T. Barrett,2018,,"['Saints', 'Steelers']",,,0.162,,,,,,,,,,,,,
Manny Wilkins,2019,,['Packers'],,,0.143,,,,,,,,,,,,,
B.J. Coleman,2012,,['Packers'],,,0.143,,,,,,,,,,,,,
Devin Leary,2024,,['Ravens'],,,0.138,,,,,,,,,,,,,
Trevor Knight,2017,,"['Falcons', 'Cardinals']",,,0.125,,,,,,,,,,,,,
Tanner Mordecai,2024,,['49ers'],,,0.125,,,,,,,,,,,,,
Carter Bradley,2024,,['Raiders'],,,0.125,,,,,,,,,,,,,
Case Cookus,2022,,"['Rams', 'Giants']",,,0.116,,,,,,,,,,,,,
Cole McDonald,,,['Titans'],,,0.102,,,,,,,,,,,,,
Joel Stave,2017,,"['Vikings', 'Jets', 'Commanders', 'Seahawks']",,,0.096,,,,,,,,,,,,,
Michael Pratt,2024,,['Packers'],,,0.087,,,,,,,,,,,,,
Dylan Thompson,,,['49ers'],,,0.086,,,,,,,,,,,,,
Eric Dungey,,,"['Browns', 'Giants']",,,0.085,,,,,,,,,,,,,
Drew Plitt,2023,,['Bengals'],,,0.084,,,,,,,,,,,,,
Dresser Winn,2023,,['Rams'],,,0.083,,,,,,,,,,,,,
Tajh Boyd,,,['Jets'],,,0.079,,,,,,,,,,,,,
Jordan Rodgers,2013,,"['Buccaneers', 'Jaguars']",,,0.077,,,,,,,,,,,,,
Sefo Liufau,,,['Buccaneers'],,,0.071,,,,,,,,,,,,,
Nick Fitzgerald,,,['Buccaneers'],,,0.07,,,,,,,,,,,,,
Davis Cheek,2022,,['Panthers'],,,0.065,,,,,,,,,,,,,
Jerod Evans,,,['Packers'],,,0.065,,,,,,,,,,,,,
Ryan Willis,2021,,['Bears'],,,0.064,,,,,,,,,,,,,
Drew Anderson,2019,,['Cardinals'],,,0.06,,,,,,,,,,,,,
Jack Coan,,,['Colts'],,,0.06,,,,,,,,,,,,,
Adrian Martinez,2024,,['Lions'],,,0.06,,,,,,,,,,,,,
Jeff Tuel,,,['Jaguars'],,,0.059,,,,,,,,,,,,,
Tyler Ferguson,,,['Titans'],,,0.055,,,,,,,,,,,,,
Seth Lobato,,,"['Dolphins', 'Colts']",,,0.053,,,,,,,,,,,,,
Austin Allen,,,['Buccaneers'],,,0.05,,,,,,,,,,,,,
Tanner Morgan,,,"['Steelers', 'Vikings']",,,0.049,,,,,,,,,,,,,
Mike Bercovici,,,"['Cardinals', 'Chargers']",,,0.047,,,,,,,,,,,,,
Kenji Bahar,,,['Ravens'],,,0.046,,,,,,,,,,,,,
Bryn Renner,,,"['Ravens', 'Broncos']",,,0.043,,,,,,,,,,,,,
Alek Torgersen,2017,,"['Commanders', 'Lions', 'Falcons']",,,0.041,,,,,,,,,,,,,
Anthony Gordon,2021,,"['Broncos', 'Seahawks']",,,0.04,,,,,,,,,,,,,
McLeod Bethel-Thompson,,,"['Vikings', 'Dolphins', 'Patriots']",,,0.038,,,,,,,,,,,,,
Dominique Davis,,,['Colts'],,,0.038,,,,,,,,,,,,,
Holton Ahlers,,,['Seahawks'],,,0.037,,,,,,,,,,,,,
Lance Ball,,,"['Rams', 'Titans']",,,0.036,,,,,,,,,,,,,
John Rhys Plumlee,2024,,['Steelers'],,,0.035,,,,,,,,,,,,,
Pat Devlin,2015,,['Browns'],,,0.034,,,,,,,,,,,,,
Caleb Hanie,,,['Browns'],,,0.033,,,,,,,,,,,,,
Dennis Dixon,,,"['Eagles', 'Cardinals']",,,0.031,,,,,,,,,,,,,
J'Mar Smith,,,['Patriots'],,,0.03,,,,,,,,,,,,,
Kedon Slovis,2024,,['Jaguars'],,,0.03,,,,,,,,,,,,,
Dustin Vaughan,,,['Bills'],,,0.026,,,,,,,,,,,,,
Rusty Smith,,,['Titans'],,,0.024,,,,,,,,,,,,,
Jake Heaps,,,['Steelers'],,,0.021,,,,,,,,,,,,,
Jason Bean,2024,,['Colts'],,,0.02,,,,,,,,,,,,,
Wilton Speight,,,['49ers'],,,0.02,,,,,,,,,,,,,
Josh Love,,,"['Rams', 'Panthers']",,,0.019,,,,,,,,,,,,,
Jeff Mathews,2014,,"['Cardinals', 'Colts']",,,0.019,,,,,,,,,,,,,
Taryn Christion,,,"['Seahawks', 'Steelers']",,,0.018,,,,,,,,,,,,,
Chevan Cordeiro,,,['Seahawks'],,,0.018,,,,,,,,,,,,,
Kevin Davidson,,,['Browns'],,,0.018,,,,,,,,,,,,,
Brock Jensen,,,['Dolphins'],,,0.016,,,,,,,,,,,,,
Luis Perez,,,['Rams'],,,0.015,,,,,,,,,,,,,
Levi Lewis,,,['Seahawks'],,,0.015,,,,,,,,,,,,,
Peewee Jarrett,,,['Jets'],,,0.015,,,,,,,,,,,,,
G.J. Kinne,,,['Giants'],,,0.013,,,,,,,,,,,,,
Nic Shimonek,,,"['Commanders', 'Chargers']",,,0.013,,,,,,,,,,,,,
Cody Fajardo,,,['Raiders'],,,0.012,,,,,,,,,,,,,
James Blackman,,,['Dolphins'],,,0.012,,,,,,,,,,,,,
Jerrod Johnson,,,['Bears'],,,0.012,,,,,,,,,,,,,
Casey Bauman,,,['Chargers'],,,0.01,,,,,,,,,,,,,
Jack Plummer,2024,,['Panthers'],,,0.01,,,,,,,,,,,,,
Rocky Lombardi,,,['Bengals'],,,0.01,,,,,,,,,,,,,
Bryan Bennett,,,['Colts'],,,0.01,,,,,,,,,,,,,
Riley Neal,,,['Broncos'],,,0.008,,,,,,,,,,,,,
Connor Halliday,,,['Commanders'],,,0.008,,,,,,,,,,,,,
Keith Price,,,['Seahawks'],,,0.007,,,,,,,,,,,,,
Jalen Morton,,,['Packers'],,,0.007,,,,,,,,,,,,,
Brandon Peters,,,['Chargers'],,,0.007,,,,,,,,,,,,,
Nolan Henderson,,,['Ravens'],,,0.006,,,,,,,,,,,,,
Gavin Hardison,,,['Dolphins'],,,0.005,,,,,,,,,,,,,
John Paddock,,,['Falcons'],,,0.005,,,,,,,,,,,,,
Austin Reed,2024,,['Bears'],,,0.005,,,,,,,,,,,,,
Brendon Kay,,,['Steelers'],,,0.005,,,,,,,,,,,,,
Logan Kilgore,,,['Saints'],,,0.005,,,,,,,,,,,,,
Jerry Lovelocke,,,['Ravens'],,,0.005,,,,,,,,,,,,,
Matt Johnson,,,['Bengals'],,,0.005,,,,,,,,,,,,,
Peter Pujals,,,['Vikings'],,,0.005,,,,,,,,,,,,,
Jake Coker,,,['Cardinals'],,,0.005,,,,,,,,,,,,,
Cole Kelley,,,['Commanders'],,,0.005,,,,,,,,,,,,,
Eli Jenkins,,,['Chargers'],,,0.005,,,,,,,,,,,,,
Wes Lunt,,,['Vikings'],,,0.005,,,,,,,,,,,,,
Max Wittek,,,['Jaguars'],,,0.005,,,,,,,,,,,,,
Nick Schuessler,,,['Steelers'],,,0.004,,,,,,,,,,,,,
Chase Rettig,,,['Packers'],,,0.004,,,,,,,,,,,,,
Zach Terrell,,,['Ravens'],,,0.003,,,,,,,,,,,,,
Anthony Boone,,,['Lions'],,,0.003,,,,,,,,,,,,,
Zack Annexstad,,,['Buccaneers'],,,0.003,,,,,,,,,,,,,
Kory Faulkner,,,['49ers'],,,0.003,,,,,,,,,,,,,
Brett Smith,,,['Buccaneers'],,,0.003,,,,,,,,,,,,,
Jake Waters,,,['Jaguars'],,,0.002,,,,,,,,,,,,,
Tim DeMorat,,,['Commanders'],,,0.002,,,,,,,,,,,,,
Skyler Howard,,,['Seahawks'],,,0.002,,,,,,,,,,,,,
James Franklin,,,['Lions'],,,0.002,,,,,,,,,,,,,
Cole Stoudt,,,['Chargers'],,,0.002,,,,,,,,,,,,,
Austin Appleby,,,['Cowboys'],,,0.002,,,,,,,,,,,,,
Travis Partridge,,,['Vikings'],,,0.001,,,,,,,,,,,,,
Dalton Sturm,,,['Cowboys'],,,0.001,,,,,,,,,,,,,
Brogan Roback,,,['Browns'],,,0.001,,,,,,,,,,,,,
Tommy Rees,,,['Commanders'],,,0.001,,,,,,,,,,,,,
Nick Stevens,,,['Broncos'],,,0.0,,,,,,,,,,,,,
Broc Rutter,,,['49ers'],,,0.0,,,,,,,,,,,,,
