player,draft,rd,pick,team,earn_mils,yrs_play,games,wAV,AV,win_%,pass_rating,hof,all_star,SBs,att,comp,comp_%,pass_yds,TD,YPA,pydsPG,int,int_%,sacks,pick_6,GWD,4QC,ht,wt,hand,record,wins,loss
Steve Bartkowski,1975,1,1,Atlanta Falcons,,12.0,129,100.0,84,46.46,75.4,0,['2x Pro Bowl'],0,3456,1932,55.9,24124.0,156,7.0,187.0,144,4.2,356,7,21.0,18,6-4,216,Right,59-68-0,59,68
Steve Beuerlein,1987,4,110,Los Angeles Raiders,,16.0,147,100.0,85,46.08,80.3,0,['1x Pro Bowl'],1,3328,1894,56.9,24046.0,147,7.2,163.0,112,3.4,332,6,16.0,13,6-3,220,Right,47-55-0,47,55
Archie Manning,1971,1,2,New Orleans Saints,,14.0,151,100.0,94,25.74,67.1,0,['2x Pro Bowl'],0,3642,2011,55.2,23911.0,125,6.6,158.0,173,4.8,396,11,12.0,11,6-3,212,Right,35-101-3,35,101
Brian Sipe,1972,13,330,Cleveland Browns,,10.0,125,100.0,87,50.89,74.8,0,"['1x Pro Bowl', '1x All-Pro']",0,3439,1944,56.5,23713.0,154,6.9,189.0,149,4.3,224,7,23.0,17,6-1,195,Right,57-55-0,57,55
Andrew Luck,2012,1,1,Indianapolis Colts,109.108,7.0,86,100.0,80,61.63,89.5,0,['4x Pro Bowl'],0,3290,2000,60.8,23671.0,171,7.2,275.0,83,2.5,174,10,20.0,16,6-4,240,Right,53-33-0,53,33
Josh Allen,2018,,,Undrafted,112.904,7.0,3,100.0,,,92.7,0,,,3276,2068,63.1,23648.0,175,,238.0,78,2.4,181,,19.0,13,6-3,315,,,,
Norm Van Brocklin,1949,4,37,Los Angeles Rams,,12.0,140,100.0,17,62.89,75.1,1960,"['9x Pro Bowl', '1x All-Pro']",0,2895,1553,53.6,23611.0,173,8.2,168.0,178,6.1,,8,17.0,19,6-1,190,Right,61-36-4,61,36
Otto Graham,1944,1,4,Detroit Lions,,10.0,126,,,81.43,86.6,1950,"['5x Pro Bowl', '7x All-Pro']",0,2626,1464,55.8,23584.0,174,9.0,187.0,135,5.1,,7,10.0,12,6-1,196,Right,57-13-1,57,13
Lynn Dickey,1971,3,56,Houston Oilers,,15.0,152,100.0,80,41.67,70.9,0,,,3125,1747,55.9,23322.0,141,7.5,153.0,179,5.7,297,15,18.0,12,6-3,214,Right,45-63-3,45,63
Bernie Kosar,,1,1,Cleveland Browns,,12.0,126,100.0,79,49.53,81.8,0,['1x Pro Bowl'],1,3365,1994,59.3,23301.0,124,6.9,184.0,87,2.6,273,7,16.0,14,6-5,210,Right,53-54-1,53,54
Marc Bulger,2000,6,168,New Orleans Saints,,8.0,96,100.0,64,43.16,84.4,0,['2x Pro Bowl'],0,3171,1969,62.1,22814.0,122,7.2,237.0,93,2.9,254,10,16.0,12,6-3,208,Right,41-54-0,41,54
Neil Lomax,1981,2,33,St. Louis Cardinals,,8.0,108,100.0,82,47.96,82.7,0,['2x Pro Bowl'],0,3153,1817,57.6,22771.0,136,7.2,210.0,90,2.9,362,6,12.0,11,6-3,215,Right,47-51-2,47,51
Roger Staubach,1964,16,122,Kansas City Chiefs,,11.0,131,100.0,127,74.56,83.4,1970,['6x Pro Bowl'],2,2958,1685,57.0,22700.0,153,7.7,173.0,109,3.7,313,,21.0,13,6-3,197,Right,85-29-0,85,29
Babe Parilli,1952,1,4,Green Bay Packers,,18.0,189,100.0,71,52.13,59.6,0,"['3x Pro Bowl', '1x All-Pro']",1,3330,1552,46.6,22681.0,178,6.8,120.0,220,6.6,178,20,13.0,17,6-1,196,Right,49-45-7,49,45
Michael Vick,2001,1,1,Atlanta Falcons,118.645,15.0,143,100.0,112,54.46,80.4,0,['4x Pro Bowl'],0,3217,1807,56.2,22464.0,133,7.0,157.0,88,2.7,316,6,15.0,14,6-0,210,Left,61-51-1,61,51
Carson Wentz,2016,1,2,Philadelphia Eagles,130.383,8.0,95,100.0,68,51.09,89.4,0,['1x Pro Bowl'],1,3308,2073,62.7,22292.0,153,6.7,234.0,67,2.0,239,,13.0,12,6-5,237,Right,47-45-1,47,45
Jameis Winston,2015,1,1,Tampa Bay Buccaneers,75.089,10.0,3,100.0,-,,87.0,0,['1x Pro Bowl'],0,2883,1764,100.0,16.0,141,16.0,230.0,0,3.4,195,12,13.0,8,6-4,230,Right,-,,
Danny White,1988,7,186,New York Giants,,13.0,27,100.0,,,81.7,0,,,2950,1761,59.7,21959.0,155,,132.0,132,4.5,241,8,14.0,11,6-4,252,,,,
Sammy Baugh,1937,1,6,Washington Redskins,,16.0,167,,,52.38,72.2,1940,"['6x Pro Bowl', '4x All-Pro']",0,2995,1693,56.5,21886.0,187,7.3,131.0,203,6.8,,5,16.0,6,6-2,182,Right,11-10-0,11,10
Jeff Blake,1992,6,166,New York Jets,,14.0,119,100.0,81,39.0,78.0,0,['1x Pro Bowl'],0,3241,1827,56.4,21711.0,134,6.7,182.0,99,3.1,248,12,16.0,12,6-1,223,Right,39-61-0,39,61
Neil O'Donnell,1990,3,70,Pittsburgh Steelers,,13.0,125,100.0,73,55.0,81.8,0,['1x Pro Bowl'],0,3229,1865,57.8,21690.0,120,6.7,173.0,68,2.1,259,8,18.0,15,6-3,228,Right,55-45-0,55,45
Bobby Hebert,,,,Undrafted,,12.0,118,100.0,79,56.0,78.0,0,['1x Pro Bowl'],0,3121,1839,58.9,21683.0,135,6.9,183.0,124,4.0,178,10,16.0,11,6-4,215,Right,56-44-0,56,44
Baker Mayfield,2018,1,1,Cleveland Browns,52.301,7.0,5,100.0,-,60.0,89.4,0,['1x Pro Bowl'],0,2978,1860,71.9,1164.0,11,7.6,228.0,2,2.6,226,5,10.0,8,6-1,215,Right,3-2-0,3,2
Gus Frerotte,1994,7,197,Washington Redskins,,15.0,147,100.0,66,48.91,74.2,0,['1x Pro Bowl'],0,3106,1699,54.7,21291.0,114,6.9,144.0,106,3.4,207,10,10.0,8,6-3,237,Right,45-47-1,45,47
Jack Kemp,1957,17,203,Detroit Lions,,13.0,122,100.0,83,63.73,57.3,0,"['7x Pro Bowl', '2x All-Pro']",0,3073,1436,46.7,21218.0,114,6.9,173.0,183,6.0,214,9,11.0,11,6-1,201,Right,65-37-3,65,37
Jim Zorn,,,,Undrafted,,12.0,140,100.0,88,41.51,67.3,0,,,3149,1669,53.0,21115.0,111,6.7,150.0,141,4.5,213,13,12.0,9,6-2,200,Left,44-62-0,44,62
Jake Delhomme,,,,Undrafted,,13.0,103,100.0,66,58.33,81.3,0,['1x Pro Bowl'],0,2932,1741,59.4,20975.0,126,7.2,203.0,101,3.4,168,13,24.0,19,6-2,215,Right,56-40-0,56,40
Earl Morrall,1956,1,2,San Francisco 49ers,,21.0,255,100.0,86,63.64,74.1,0,"['2x Pro Bowl', '2x All-Pro']",3,2689,1379,51.3,20809.0,161,7.7,81.0,148,5.5,197,9,11.0,14,6-1,205,Right,63-36-3,63,36
Richard Todd,1976,1,6,New York Jets,,10.0,119,100.0,71,44.86,67.6,0,,,2967,1610,54.3,20610.0,124,6.9,173.0,161,5.4,264,11,14.0,9,6-2,207,Right,48-59-1,48,59
Trent Dilfer,1994,1,6,Tampa Bay Buccaneers,,14.0,130,100.0,60,51.33,70.2,0,['1x Pro Bowl'],1,3172,1759,55.5,20518.0,113,6.5,157.0,129,4.1,263,13,15.0,14,6-4,225,Right,58-55-0,58,55
Billy Kilmer,1961,1,11,San Francisco 49ers,,18.0,170,100.0,100,53.98,71.6,0,['1x Pro Bowl'],0,2984,1585,53.1,20495.0,152,6.9,120.0,146,4.9,216,7,16.0,14,6-0,204,Right,61-52-1,61,52
Aaron Brooks,1999,4,131,Green Bay Packers,,7.0,93,100.0,73,42.22,78.5,0,,,2963,1673,56.5,20261.0,123,6.8,217.0,92,3.1,235,5,18.0,12,6-4,205,Right,38-52-0,38,52
Jay Schroeder,1984,3,83,Washington Redskins,,10.0,118,100.0,71,61.62,71.7,0,['1x Pro Bowl'],1,2808,1426,50.8,20063.0,114,7.1,170.0,108,3.8,208,4,17.0,16,6-4,215,Right,61-38-0,61,38
Charlie Conerly,1945,13,127,Washington Redskins,,14.0,161,100.0,6,64.77,68.2,0,['2x Pro Bowl'],0,2833,1418,50.1,19488.0,173,6.9,121.0,167,5.9,,8,19.0,15,6-1,185,Right,57-31-1,57,31
Sam Bradford,2010,1,1,St. Louis Rams,129.982,9.0,83,100.0,49,41.46,84.5,0,[],0,2967,1855,62.5,19449.0,103,6.6,234.0,61,2.1,196,8,8.0,7,6-4,224,Right,34-48-1,34,48
Brian Griese,1998,3,91,Denver Broncos,,11.0,93,100.0,62,54.22,82.7,0,['1x Pro Bowl'],1,2796,1752,62.7,19440.0,119,7.0,209.0,99,3.5,193,12,12.0,9,6-3,214,Right,45-38-0,45,38
Chris Miller,1987,1,13,Atlanta Falcons,,13.0,98,100.0,60,36.96,74.9,0,['1x Pro Bowl'],0,2892,1580,54.6,19320.0,123,6.7,197.0,102,3.5,209,10,11.0,8,6-2,212,Right,34-58-0,34,58
Daryle Lamonica,1963,12,168,Green Bay Packers,,12.0,151,100.0,88,80.49,72.9,0,"['5x Pro Bowl', '2x All-Pro']",0,2601,1288,49.5,19154.0,164,7.4,126.0,138,5.3,166,,17.0,18,6-3,215,Right,66-16-6,66,16
Tobin Rote,1950,2,17,Green Bay Packers,,17.0,149,100.0,16,42.86,56.8,0,"['2x Pro Bowl', '1x All-Pro']",0,2907,1329,45.7,18850.0,148,6.5,126.0,191,6.6,,13,7.0,7,6-3,211,Right,48-64-4,48,64
Billy Wade,1952,1,1,Los Angeles Rams,,13.0,128,100.0,53,48.19,72.2,0,['2x Pro Bowl'],0,2523,1370,54.3,18530.0,124,7.3,144.0,134,5.3,128,8,11.0,10,6-2,202,Right,40-43-2,40,43
Dan Pastorini,1971,1,3,Houston Oilers,,13.0,140,100.0,72,47.86,59.1,0,['1x Pro Bowl'],1,3055,1556,50.9,18515.0,103,6.1,132.0,161,5.3,246,6,19.0,14,6-2,208,Right,56-61-0,56,61
Mark Rypien,1986,6,146,Washington Redskins,,14.0,104,100.0,60,60.26,78.9,0,['2x Pro Bowl'],1,2613,1466,56.1,18473.0,115,7.1,177.0,88,3.4,97,7,12.0,8,6-4,231,Right,47-31-0,47,31
Bert Jones,1973,1,2,Baltimore Colts,,10.0,102,100.0,92,48.96,78.2,0,"['1x Pro Bowl', '1x All-Pro']",0,2551,1430,56.1,18190.0,124,7.1,178.0,101,4.0,232,7,11.0,8,6-3,210,Right,47-49-0,47,49
Jim McMahon,1982,1,5,Chicago Bears,,15.0,119,100.0,71,69.07,78.2,0,['1x Pro Bowl'],2,2573,1492,58.0,18148.0,100,7.1,152.0,90,3.5,226,7,14.0,11,6-1,195,Right,67-30-0,67,30
Kyle Orton,2005,4,106,Chicago Bears,30.868,10.0,87,100.0,44,51.22,81.2,0,,,2712,1613,59.5,18037.0,101,6.7,207.0,69,2.5,165,7,9.0,8,6-4,228,Right,42-40-0,42,40
Chad Pennington,1994,3,96,Kansas City Chiefs,61.456,11.0,70,100.0,,,90.1,0,,,2471,1632,66.0,17823.0,102,,200.0,64,2.6,162,6,10.0,7,6-0,198,,,,
Justin Herbert,2020,1,6,Los Angeles Chargers,39.476,5.0,4,100.0,-,50.0,95.7,0,['1x Pro Bowl'],0,2513,1672,64.8,578.0,5,6.4,269.0,1,1.7,136,4,14.0,11,6-6,236,Right,2-2-0,2,2
Josh McCown,2002,,,Undrafted,51.231,18.0,51,100.0,1,33.33,79.7,0,,,2633,1584,38.6,2895.0,17,5.2,173.0,38,3.1,235,5,7.0,6,6-1,208,Right,5-10-0,5,10
Blake Bortles,2014,1,3,Jacksonville Jaguars,47.771,6.0,78,100.0,48,32.88,80.6,0,,,2634,1562,59.3,17649.0,103,6.7,226.0,75,2.8,195,13,8.0,6,6-5,236,Right,24-49-0,24,49
Deshaun Watson,2017,1,12,Houston Texans,142.762,8.0,5,100.0,-,20.0,98.8,0,['3x Pro Bowl'],0,2265,1496,60.2,852.0,5,4.8,248.0,3,2.1,237,4,11.0,9,6-3,223,Right,1-4-0,1,4
Milt Plum,1957,2,17,Cleveland Browns,,13.0,129,100.0,59,57.73,72.2,0,['2x Pro Bowl'],0,2419,1306,54.0,17536.0,122,7.2,135.0,127,5.3,116,8,9.0,8,6-1,205,Right,56-41-6,56,41
Matt Cassel,2005,7,230,New England Patriots,65.494,14.0,107,100.0,51,44.44,78.5,0,['1x Pro Bowl'],0,2683,1578,58.8,17508.0,104,6.5,163.0,82,3.1,210,10,12.0,9,6-4,225,Right,36-45-0,36,45
Wade Wilson,1981,8,210,Minnesota Vikings,,18.0,125,100.0,58,52.17,75.6,0,['1x Pro Bowl'],1,2428,1391,57.3,17283.0,99,7.1,138.0,102,4.2,217,9,11.0,6,6-3,210,Right,36-33-0,36,33
Bill Kenney,1978,12,333,Miami Dolphins,,9.0,106,100.0,58,44.16,77.0,0,['1x Pro Bowl'],0,2430,1330,54.7,17277.0,105,7.1,163.0,86,3.5,195,7,6.0,,6-4,211,Right,34-43-0,34,43
Don Meredith,1960,3,32,Dallas Texans,,9.0,104,100.0,84,59.49,74.8,0,['3x Pro Bowl'],0,2308,1170,50.7,17199.0,135,7.5,165.0,111,4.8,257,13,8.0,8,6-3,210,Right,47-32-4,47,32
Stan Humphries,1988,6,159,Washington Redskins,,9.0,88,100.0,56,61.73,75.8,0,,,2516,1431,56.9,17191.0,89,6.8,195.0,84,3.3,144,11,10.0,8,6-2,223,Right,50-31-0,50,31
Lamar Jackson,2018,1,32,Baltimore Ravens,112.488,7.0,5,100.0,-,60.0,98.6,0,"['3x Pro Bowl', '2x All-Pro']",0,2262,1460,65.3,1206.0,9,8.0,187.0,1,2.0,174,,11.0,9,6-2,205,Right,3-2-0,3,2
Doug Williams,1983,5,138,Los Angeles Raiders,,12.0,74,100.0,,,69.4,0,[],1,2507,1240,49.5,16998.0,100,,193.0,93,3.7,84,,20.0,17,5-11,180,,,,
Elvis Grbac,1993,8,219,San Francisco 49ers,,8.0,105,100.0,53,57.14,79.6,0,['1x Pro Bowl'],1,2445,1446,59.1,16774.0,99,6.9,159.0,81,3.3,129,12,13.0,8,6-5,232,Right,40-30-0,40,30
Jason Campbell,2005,1,25,Washington Redskins,24.458,9.0,90,100.0,54,40.51,81.7,0,,,2518,1519,60.3,16771.0,87,6.7,186.0,60,2.4,170,5,10.0,7,6-5,235,Right,32-47-0,32,47
Kyler Murray,2019,1,1,Arizona Cardinals,99.134,6.0,5,100.0,-,40.0,92.6,0,['2x Pro Bowl'],0,2377,1586,68.1,972.0,7,7.0,237.0,2,2.0,160,7,11.0,9,5-10,207,Right,2-3-0,2,3
Jeff Hostetler,1984,3,59,New York Giants,,13.0,152,100.0,65,61.45,80.5,0,['1x Pro Bowl'],2,2338,1357,58.0,16430.0,94,7.0,108.0,71,3.0,207,7,10.0,8,6-3,215,Right,51-32-0,51,32
Rodney Peete,1989,6,141,Detroit Lions,,16.0,104,100.0,56,51.72,73.3,0,,,2346,1344,57.3,16338.0,76,7.0,157.0,92,3.9,244,7,14.0,9,6-0,230,Right,45-42-0,45,42
Geno Smith,2013,2,39,New York Jets,45.015,12.0,5,100.0,-,60.0,87.1,0,['2x Pro Bowl'],0,2276,1457,71.9,1466.0,5,7.4,198.0,4,2.7,190,9,16.0,10,6-3,221,Right,3-2-0,3,2
Mike Tomczak,,,,Undrafted,,15.0,185,100.0,57,56.34,68.9,0,[],1,2337,1248,53.4,16079.0,88,6.9,86.0,106,4.5,114,6,12.0,6,6-1,202,Right,40-31-0,40,31
Greg Landry,1968,1,11,Detroit Lions,,17.0,146,100.0,96,46.32,72.9,0,['1x Pro Bowl'],0,2300,1276,55.5,16052.0,98,7.0,109.0,103,4.5,316,5,8.0,8,6-4,210,Right,44-51-3,44,51
Frank Ryan,1958,5,55,Los Angeles Rams,,13.0,126,100.0,90,67.86,77.6,0,['3x Pro Bowl'],0,2133,1090,51.1,16042.0,149,7.5,127.0,111,5.2,196,4,9.0,8,6-3,199,Right,57-27-3,57,27
David Garrard,2002,4,108,Jacksonville Jaguars,0.688,9.0,86,100.0,70,51.32,85.8,0,['1x Pro Bowl'],0,2281,1406,61.6,16003.0,89,7.0,186.0,54,2.4,179,4,17.0,10,6-1,235,Right,39-37-0,39,37
Marcus Mariota,2010,7,222,Tennessee Titans,71.086,10.0,70,100.0,,,89.1,0,['1x Pro Bowl'],0,2121,1328,62.6,15818.0,93,,173.0,55,2.6,186,6,14.0,11,6-1,190,,,,
Scott Mitchell,1990,4,93,Miami Dolphins,,11.0,99,100.0,53,45.07,75.3,0,,,2346,1301,55.5,15692.0,95,6.7,158.0,81,3.5,155,8,9.0,6,6-6,240,Left,32-39-0,32,39
Ed Brown,1985,1,13,Cincinnati Bengals,,12.0,102,100.0,,,62.8,0,['1x Pro Bowl'],0,1987,949,47.8,15600.0,102,,101.0,138,6.9,119,11,14.0,14,6-0,185,,,,
Jimmy Garoppolo,2014,2,62,New England Patriots,150.776,10.0,81,100.0,52,68.25,97.6,0,[],2,1895,1277,67.4,15494.0,94,8.2,191.0,51,2.7,137,,13.0,13,6-2,225,Right,43-20-0,43,20
Joe Burrow,1962,7,92,San Francisco 49ers,76.19,5.0,56,100.0,,,99.9,0,,,2068,1413,68.3,15453.0,109,,271.0,,1.9,159,4,7.0,5,6-3,185,,,,
Mark Sanchez,2009,1,5,New York Jets,66.298,10.0,79,100.0,35,50.68,73.2,0,,,2320,1314,56.6,15357.0,86,6.6,194.0,89,3.8,168,9,10.0,8,6-2,232,Right,37-36-0,37,36
Erik Kramer,2024,,,Undrafted,,13.0,83,100.0,46,46.27,76.6,0,,,2299,1317,57.3,15337.0,92,6.7,184.0,79,3.4,122,4,14.0,11,6-1,200,Right,31-36-0,31,36
Tony Banks,1996,2,42,St. Louis Rams,,10.0,96,100.0,49,44.87,72.4,0,[],1,2356,1278,54.2,15315.0,77,6.5,159.0,73,3.1,227,7,7.0,5,6-4,230,Right,35-43-0,35,43
Case Keenum,2012,,,Undrafted,48.184,11.0,80,100.0,40,45.45,84.6,0,,,2233,1392,62.3,15175.0,79,6.8,189.0,51,2.3,131,6,11.0,7,6-1,215,Right,30-36-0,30,36
Teddy Bridgewater,2014,1,32,Minnesota Vikings,65.053,10.0,79,100.0,53,50.77,90.5,0,['1x Pro Bowl'],0,2067,1372,66.4,15120.0,75,7.3,191.0,47,2.3,166,,7.0,5,6-2,212,Right,33-32-0,33,32
Kordell Stewart,1995,2,60,Pittsburgh Steelers,,11.0,125,100.0,69,59.52,70.7,0,['1x Pro Bowl'],0,2358,1316,55.8,14746.0,77,6.3,118.0,84,3.6,170,7,14.0,9,6-1,218,Right,50-34-0,50,34
Doug Flutie,1985,11,285,Los Angeles Rams,,20.0,92,100.0,60,57.58,76.3,0,['1x Pro Bowl'],0,2151,1177,54.7,14715.0,86,6.8,159.0,68,3.2,107,,10.0,8,5-10,180,Right,38-28-0,38,28
Joey Harrington,2002,1,3,Detroit Lions,,6.0,81,100.0,34,34.21,69.4,0,,,2538,1424,56.1,14693.0,79,5.8,181.0,85,3.3,124,14,7.0,6,6-4,220,Right,26-50-0,26,50
Sid Luckman,1939,1,2,Chicago Bears,,12.0,128,,,,75.0,1940,"['3x Pro Bowl', '5x All-Pro']",0,1744,904,51.8,14686.0,137,8.4,114.0,132,7.6,,,5.0,4,6-0,197,Right,0-0-0,0,0
David Carr,2002,1,1,Houston Texans,49.09,11.0,94,100.0,49,29.11,74.9,0,,,2267,1353,59.7,14452.0,65,6.4,153.0,71,3.1,267,7,11.0,7,6-3,212,Right,23-56-0,23,56
Bubby Brister,1986,3,67,Pittsburgh Steelers,,15.0,99,100.0,42,49.33,72.3,0,[],2,2212,1207,54.6,14445.0,81,6.5,145.0,78,3.5,193,7,11.0,9,6-3,205,Right,37-38-0,37,38
Marc Wilson,1980,1,15,Oakland Raiders,,11.0,126,100.0,41,53.33,67.7,0,[],2,2081,1085,52.1,14391.0,86,6.9,114.0,102,4.9,210,,12.0,9,6-6,205,Right,32-28-0,32,28
Nick Foles,2012,3,88,Philadelphia Eagles,83.756,11.0,71,100.0,37,50.0,86.2,0,['1x Pro Bowl'],1,2087,1302,62.4,14227.0,82,6.8,200.0,47,2.3,127,5,13.0,11,6-6,262,Right,29-29-0,29,29
Bill Nelsen,1963,10,136,Pittsburgh Steelers,,10.0,90,100.0,61,56.34,70.2,0,['1x Pro Bowl'],0,1905,963,50.6,14165.0,98,7.4,157.0,101,5.3,146,10,8.0,8,6-0,195,Right,40-31-3,40,31
Josh Freeman,2009,1,17,Tampa Bay Buccaneers,28.329,7.0,62,100.0,40,40.98,77.6,0,,,2048,1179,57.6,13873.0,81,6.8,223.0,68,3.3,112,6,10.0,9,6-6,240,Right,25-36-0,25,36
Gary Danielson,,,,Undrafted,,13.0,101,100.0,55,47.46,76.6,0,,,1932,1105,57.2,13764.0,81,7.1,136.0,78,4.0,183,4,11.0,5,6-2,195,Right,28-31-1,28,31
Daniel Jones,1997,5,147,Jacksonville Jaguars,72.129,6.0,50,100.0,,,85.3,0,,,2078,1335,64.2,13650.0,68,,210.0,,2.1,191,,9.0,7,6-5,270,,,,
Eddie LeBaron,1950,10,123,Washington Redskins,,12.0,134,100.0,20,34.15,61.4,0,['4x Pro Bowl'],0,1796,898,50.0,13399.0,104,7.5,100.0,141,7.9,,10,13.0,13,5-9,168,Right,28-54-3,28,54
Chad Henne,2008,,,Undrafted,39.675,15.0,95,100.0,,,76.1,1960,"['5x Pro Bowl', '3x All-Pro']",0,2015,1200,59.6,13290.0,60,,170.0,63,3.1,151,7,5.0,4,6-1,187,,,,
Sam Darnold,2018,1,3,New York Jets,60.116,7.0,5,100.0,-,100.0,80.1,0,,,1948,1169,63.5,1111.0,11,8.1,185.0,4,3.1,163,5,5.0,,6-3,225,Right,5-0-0,5,0
Tua Tagovailoa,2020,1,5,Miami Dolphins,72.275,5.0,2,100.0,-,50.0,96.4,0,['1x Pro Bowl'],0,1700,1136,64.5,483.0,2,7.8,238.0,3,2.4,94,5,9.0,7,6-1,225,Left,1-1-0,1,1
Bill Munson,1964,1,7,Los Angeles Rams,,16.0,107,100.0,58,44.26,71.5,0,,,1982,1070,54.0,12896.0,84,6.5,120.0,80,4.0,192,,8.0,8,6-2,203,Right,27-34-5,27,34
Trevor Lawrence,2021,1,1,Jacksonville Jaguars,68.616,4.0,5,100.0,-,20.0,85.3,0,['1x Pro Bowl'],0,1906,1209,59.6,1100.0,6,7.1,234.0,2,2.2,106,,7.0,5,6-6,220,Right,1-4-0,1,4
Don Majkowski,1987,10,255,Green Bay Packers,,10.0,90,100.0,43,46.43,72.9,0,['1x Pro Bowl'],0,1905,1056,55.4,12700.0,66,6.7,141.0,67,3.5,180,8,13.0,10,6-2,197,Right,26-30-1,26,30
Jalen Hurts,2020,2,53,Philadelphia Eagles,28.898,5.0,4,100.0,-,50.0,90.7,0,['2x Pro Bowl'],0,1710,1090,68.2,930.0,4,7.0,192.0,4,2.2,126,4,9.0,7,6-1,223,Right,2-2-0,2,2
Mitchell Trubisky,2017,1,2,Chicago Bears,47.317,8.0,4,100.0,-,,85.5,0,['1x Pro Bowl'],0,1875,1202,66.7,5.0,72,1.7,171.0,0,2.6,129,,8.0,5,6-3,222,Right,-,,
Colin Kaepernick,2011,2,36,San Francisco 49ers,43.349,6.0,69,100.0,49,48.28,88.9,0,,,1692,1011,59.8,12271.0,72,7.3,177.0,30,1.8,171,,7.0,7,6-4,225,Right,28-30-0,28,30
Tyrod Taylor,2011,6,180,Baltimore Ravens,75.295,14.0,1,100.0,-,,88.5,0,['1x Pro Bowl'],1,1738,1074,75.0,36.0,1,4.5,130.0,0,1.7,177,,6.0,5,6-1,217,Right,-,,
Rick Mirer,1993,1,2,Seattle Seahawks,,11.0,80,100.0,36,35.29,63.5,0,[],0,2043,1088,53.3,11969.0,50,5.9,149.0,76,3.7,199,,9.0,8,6-3,210,Right,24-44-0,24,44
Tom Flores,,,,Undrafted,,10.0,106,100.0,44,48.44,67.6,1982,['1x Pro Bowl'],1,1715,838,48.9,11959.0,93,7.0,112.0,92,5.4,175,5,8.0,9,6-1,202,Right,31-33-4,31,33
Bob Waterfield,1960,7,83,Los Angeles Chargers,,8.0,30,100.0,5,0.0,61.6,1,,,1617,814,47.6,707.0,3,5.7,130.0,8,7.9,,5,6.0,7,6-2,184,Right,0-2-0,0,2
Jay Fiedler,,,,Undrafted,,11.0,76,100.0,43,61.67,77.1,0,,,1717,1008,58.7,11844.0,69,6.9,155.0,66,3.8,114,8,9.0,8,6-2,225,Right,37-23-0,37,23
Cotton Davidson,1954,1,5,Baltimore Colts,,15.0,111,100.0,45,36.54,54.9,0,['2x Pro Bowl'],0,1752,770,43.9,11760.0,73,6.7,105.0,108,6.2,110,5,,5,6-1,182,Right,19-33-1,19,33
Vince Ferragamo,1977,4,91,Los Angeles Rams,,10.0,75,100.0,35,50.94,70.1,0,,,1615,902,55.9,11336.0,76,7.0,151.0,91,5.6,94,5,5.0,5,6-3,212,Right,27-26-0,27,26
Mike Livingston,1968,2,48,Kansas City Chiefs,,12.0,91,100.0,50,41.89,63.3,0,['1x Pro Bowl'],1,1751,912,52.1,11295.0,56,6.5,124.0,83,4.7,152,4,7.0,6,6-4,212,Right,31-43-1,31,43
Jacoby Brissett,2016,3,91,New England Patriots,54.72,9.0,5,100.0,-,20.0,84.5,0,[],1,1735,1060,58.5,696.0,2,5.2,134.0,1,1.4,147,4,5.0,4,6-4,235,Right,1-4-0,1,4
Tony Eason,1983,1,15,New England Patriots,,8.0,90,100.0,39,54.9,79.7,0,,,1564,911,58.2,11142.0,61,7.1,123.0,51,3.3,177,,8.0,7,6-4,212,Right,28-23-0,28,23
Tim Couch,1999,1,1,Cleveland Browns,33.064,5.0,62,100.0,33,37.29,75.1,0,,,1714,1025,59.8,11131.0,64,6.5,179.0,67,3.9,166,8,11.0,10,6-4,220,Right,22-37-0,22,37
Charlie Batch,1998,2,60,Detroit Lions,,15.0,81,100.0,38,45.45,77.2,0,[],1,1604,908,56.6,11085.0,61,6.9,136.0,52,3.2,161,,11.0,9,6-2,216,Right,25-30-0,25,30
Gardner Minshew II,2019,6,178,Jacksonville Jaguars,,6.0,5,100.0,-,40.0,89.8,0,['1x Pro Bowl'],0,1563,990,70.7,1014.0,4,7.2,202.0,5,1.9,120,,7.0,7,6-1,225,Right,2-3-0,2,3
Brian Hoyer,2009,,,Undrafted,38.798,15.0,79,100.0,26,39.02,82.0,0,[],1,1560,925,59.3,10899.0,53,7.0,138.0,37,2.4,90,,6.0,6,6-2,215,Right,16-25-0,16,25
Derek Anderson,2005,6,213,Baltimore Ravens,29.406,13.0,78,100.0,22,40.82,70.4,0,['1x Pro Bowl'],0,1674,909,54.3,10878.0,60,6.5,139.0,64,3.8,,9,7.0,5,6-6,235,Right,20-29-0,20,29
Frankie Albert,1942,1,10,Chicago Bears,,7.0,90,,,44.83,73.5,0,['1x Pro Bowl'],0,1564,831,53.1,10795.0,115,6.9,119.0,98,6.3,,,7.0,5,5-10,166,Left,13-16-1,13,16
Eric Hipple,1980,4,85,Detroit Lions,,10.0,102,100.0,41,49.12,68.7,0,,,1546,830,53.7,10711.0,55,6.9,105.0,70,4.5,160,6,,4,6-2,196,Right,28-29-0,28,29
Byron Leftwich,2003,1,7,Jacksonville Jaguars,,10.0,60,100.0,36,48.0,78.9,0,[],1,1605,930,57.9,10532.0,58,6.6,175.0,42,2.6,92,,10.0,7,6-5,250,Right,24-26-0,24,26
Mike Phipps,1970,1,3,Cleveland Browns,,12.0,119,100.0,46,55.07,52.6,0,,,1799,886,49.2,10506.0,55,5.8,88.0,108,6.0,172,,12.0,12,6-3,208,Right,38-31-2,38,31
George Ratterman,1948,16,139,Boston Yanks,,10.0,92,,,52.94,,0,[],0,1396,737,52.8,10473.0,91,7.5,,96,,,,,,6-0,192,Right,9-8-1,9,8
Steve Bono,1985,6,142,Minnesota Vikings,,15.0,88,100.0,36,66.67,75.3,0,['1x Pro Bowl'],1,1701,934,54.9,10439.0,62,6.1,118.0,42,2.5,,5,5.0,6,6-4,215,Right,28-14-0,28,14
Tommy Thompson,,,,Undrafted,,11.0,12,100.0,,,,0,,,1424,732,,10385.0,91,,,103,,,,6.0,,6-1,205,,,,
Zeke Bratkowski,1953,2,17,Chicago Bears,,18.0,132,100.0,22,37.5,,0,[],2,1484,762,51.3,10345.0,65,7.0,,122,,94,8,7.0,5,6-2,210,Right,18-30-1,18,30
Frank Tripucka,1949,1,9,Philadelphia Eagles,,15.0,75,100.0,20,33.33,52.2,0,['1x Pro Bowl'],0,1745,879,50.4,10282.0,69,5.9,137.0,124,7.1,,12,8.0,8,6-2,192,Right,17-34-1,17,34
Dave Brown,,1,1,New York Giants,,10.0,73,100.0,29,43.33,67.9,0,,,1634,892,54.6,10248.0,44,6.3,140.0,58,3.5,181,6,,,6-5,230,Right,26-34-0,26,34
Jack Trudeau,1986,2,47,Indianapolis Colts,,10.0,67,100.0,25,38.78,63.3,0,,,1644,873,53.1,10243.0,42,6.2,152.0,69,4.2,103,4,10.0,10,6-3,227,Right,19-30-0,19,30
Rex Grossman,2003,1,22,Chicago Bears,0.05,9.0,54,100.0,25,53.19,71.4,0,,,1562,863,55.2,10232.0,56,6.6,189.0,60,3.8,92,5,9.0,6,6-1,225,Right,25-22-0,25,22
Mark Malone,1980,1,28,Pittsburgh Steelers,,10.0,73,100.0,30,43.4,61.9,0,,,1648,839,50.9,10175.0,60,6.2,139.0,81,4.9,86,,7.0,4,6-4,223,Right,23-30-0,23,30
Blaine Gabbert,2011,1,10,Jacksonville Jaguars,27.762,13.0,69,100.0,19,28.57,71.7,0,[],2,1568,882,56.3,9487.0,51,6.1,137.0,50,3.2,141,7,8.0,8,6-4,233,Right,14-35-0,14,35
Vince Evans,1977,6,140,Chicago Bears,,19.0,100,100.0,34,35.9,,0,,,1390,704,50.6,9485.0,52,6.8,,74,,118,6,5.0,,6-2,215,Right,14-25-0,14,25
Bobby Thomason,,,,Undrafted,,9.0,28,100.0,,,,0,,,1346,687,,9480.0,68,,,90,,,,5.0,4,5-11,195,,,,
Lamar McHan,1954,1,2,Chicago Cardinals,,10.0,113,100.0,9,35.29,,0,,,1442,610,42.3,9449.0,73,6.6,,108,,,4,6.0,6,6-1,201,Right,24-44-2,24,44
Gary Hogeboom,1980,5,133,Dallas Cowboys,,10.0,79,100.0,24,48.65,,0,,,1325,743,56.1,9436.0,49,7.1,,60,,118,9,6.0,4,6-4,205,Right,18-19-0,18,19
Mike Pagel,1982,4,84,Baltimore Colts,,12.0,132,100.0,32,32.08,63.3,0,,,1509,756,50.1,9414.0,49,6.2,71.0,63,4.2,115,4,8.0,6,6-2,206,Right,17-36-1,17,36
Pat Haden,1975,7,176,Los Angeles Rams,,6.0,65,100.0,36,64.81,,0,['1x Pro Bowl'],0,1363,731,53.6,9296.0,52,6.8,,60,,115,,8.0,5,5-11,182,Right,35-19-1,35,19
Robert Griffin III,2012,,,Undrafted,33.719,9.0,195,100.0,,,,0,['1x Pro Bowl'],0,1268,799,,9271.0,,,,,,131,,5.0,4,5-11,197,,,,
Bob Berry,1964,11,142,Philadelphia Eagles,,11.0,78,100.0,42,40.82,,0,['1x Pro Bowl'],0,1173,661,56.4,9197.0,64,7.8,,64,,193,4,5.0,4,5-11,185,Right,20-29-3,20,29
Vince Young,2006,1,3,Tennessee Titans,34.77,6.0,60,100.0,36,62.0,,0,['2x Pro Bowl'],0,1304,755,57.9,8964.0,46,6.9,,51,,83,,13.0,7,6-5,232,Right,31-19-0,31,19
Mac Jones,2005,1,21,Jacksonville Jaguars,12.801,4.0,54,100.0,,,,0,,,1316,869,,8940.0,46,,,,,85,6,,,6-6,222,Right,,,
Kyle Boller,2003,1,19,Baltimore Ravens,,9.0,67,100.0,17,42.55,69.5,0,,,1519,861,56.7,8931.0,48,5.9,133.0,54,3.6,123,5,6.0,4,6-3,220,Right,20-27-0,20,27
John Friesz,1990,6,138,San Diego Chargers,,11.0,69,100.0,28,34.21,,0,,,1364,745,54.6,8699.0,45,6.4,,42,,,,7.0,7,6-4,214,Right,13-25-0,13,25
Jim Finks,1949,12,116,Pittsburgh Steelers,,7.0,79,,,40.0,,1995,['1x Pro Bowl'],0,1382,661,47.8,8622.0,55,6.2,,88,,,7,9.0,8,5-11,180,Right,18-27-0,18,27
David Woodley,1980,8,214,Miami Dolphins,,6.0,58,100.0,37,65.38,,0,,,1300,687,52.8,8558.0,48,6.6,,63,,84,6,5.0,,6-2,210,Right,34-18-1,34,18
Rudy Bukich,1953,2,24,Los Angeles Rams,,16.0,103,100.0,32,55.26,,0,[],0,1190,626,52.6,8433.0,61,7.1,,74,,88,8,5.0,7,6-1,195,Right,21-17-3,21,17
Randy Johnson,1966,1,16,Atlanta Falcons,,11.0,75,100.0,28,20.83,,0,,,1286,647,50.3,8329.0,51,6.5,,90,,152,7,,,6-3,205,Right,10-38-1,10,38
Shaun Hill,2002,,,Undrafted,26.456,12.0,49,100.0,24,48.57,,0,,,1225,757,61.8,8295.0,49,6.8,,30,,84,,5.0,4,6-3,230,Right,17-18-0,17,18
Pete Beathard,1964,1,2,Kansas City Chiefs,,10.0,110,100.0,31,52.94,,0,[],0,1282,,44.9,8176.0,43,6.4,,84,,87,5,,,6-1,200,Right,18-16-1,18,16
James Harris,1990,4,102,Green Bay Packers,,11.0,167,100.0,,,,0,,,1149,607,,8136.0,45,,,59,,101,,9.0,6,6-4,244,,,,
Tommy Maddox,1992,1,25,Denver Broncos,,14.0,92,100.0,25,42.86,,0,[],1,1200,686,57.2,8087.0,48,6.7,,54,,94,7,,,6-4,220,Right,15-20-1,15,20
Colt McCoy,2010,3,85,Cleveland Browns,26.268,13.0,56,100.0,19,30.56,,0,,,1220,764,62.6,7975.0,34,6.5,,32,,113,,5.0,,6-1,212,Right,11-25-0,11,25
Steve Walsh,,1,1,Dallas Cowboys,,11.0,80,100.0,22,52.63,,0,,,1317,713,54.1,7875.0,40,6.0,,50,,,7,9.0,4,6-3,207,Right,20-18-0,20,18
Kent Graham,1992,8,211,New York Giants,,10.0,81,100.0,23,44.74,,0,,,1339,694,51.8,7801.0,39,5.8,,33,,100,,9.0,8,6-5,231,Right,17-21-0,17,21
Trevor Siemian,2015,7,250,Denver Broncos,9.523,9.0,40,100.0,16,45.45,,0,[],1,1208,707,58.5,7751.0,44,6.4,,32,,85,5,,5,6-3,220,Right,15-18-0,15,18
Al Dorow,1952,3,31,Washington Redskins,,9.0,69,100.0,27,42.22,,0,['2x Pro Bowl'],0,1207,,47.4,7708.0,64,6.4,,93,,,5,5.0,5,6-0,193,Right,19-26-0,19,26
Justin Fields,2021,1,11,Chicago Bears,15.639,4.0,5,100.0,-,60.0,,0,,,,670,67.6,961.0,5,7.1,,1,,148,4,,,6-3,227,Right,3-2-0,3,2
Craig Erickson,1992,4,86,Tampa Bay Buccaneers,,6.0,52,100.0,22,40.0,,0,,,,591,54.1,7625.0,41,7.0,,38,,82,4,,,6-2,209,Right,14-21-0,14,21
Matt Moore,1974,9,216,San Francisco 49ers,25.769,13.0,51,100.0,,,,0,[],1,,645,,7597.0,49,,,,,87,4,8.0,6,6-1,197,,,,
Brock Osweiler,2012,2,57,Denver Broncos,41.397,7.0,49,100.0,15,50.0,,0,[],1,1165,697,59.8,7418.0,37,6.4,,31,,,,5.0,5,6-7,240,Right,15-15-0,15,15
Gary Cuozzo,,,,Undrafted,,10.0,82,100.0,29,52.5,,0,[],0,1182,,49.4,7402.0,43,6.3,,55,,114,,5.0,4,6-0,195,Right,21-19-0,21,19
Tarvaris Jackson,2006,2,64,Minnesota Vikings,2.0,10.0,59,100.0,24,50.0,,0,[],1,,640,59.6,7263.0,39,6.8,,35,,90,,,,6-2,225,Right,17-17-0,17,17
Steve Fuller,1979,1,23,Kansas City Chiefs,,8.0,90,100.0,31,45.24,,0,[],1,,605,56.8,7156.0,28,6.7,,41,,152,,8.0,6,6-4,198,Right,19-23-0,19,23
Dick Wood,1959,12,144,Baltimore Colts,,5.0,60,100.0,18,41.94,,0,,,1194,,43.7,7153.0,51,6.0,,71,,,,,,6-5,205,Right,13-18-2,13,18
Mike Glennon,2013,3,73,Tampa Bay Buccaneers,29.487,,40,100.0,8,19.35,,0,,,1147,689,60.1,7025.0,47,6.1,,35,,83,,,,6-7,225,Right,6-25-0,6,25
Christian Ponder,2011,1,12,Minnesota Vikings,12.546,,38,100.0,23,40.0,,0,,,,632,59.8,6658.0,38,6.3,,36,,95,7,,,6-2,222,Right,14-21-1,14,21
Jim Miller,1994,6,178,Pittsburgh Steelers,,,37,100.0,17,55.56,,0,,,,610,58.3,6387.0,36,6.1,,31,,,,6.0,5,6-2,226,Right,15-12-0,15,12
Taylor Heinicke,2015,,,Undrafted,15.71,,1,100.0,-,,,0,,,,606,100.0,24.0,39,12.0,,0,,,,5.0,5,6-1,210,Right,-,,
Randy Wright,1984,6,153,Green Bay Packers,,,46,100.0,15,21.88,,0,,,1119,602,53.8,7106.0,31,6.4,,57,,85,6,,,6-2,200,Right,7-25-0,7,25
Steve Spurrier,1967,1,3,San Francisco 49ers,,,106,100.0,29,35.14,,0,,,1151,597,51.9,6878.0,40,6.0,,60,,85,5,,,6-2,204,Right,13-24-1,13,24
Bobby Douglass,1969,2,41,Chicago Bears,,,91,100.0,41,30.77,,0,,,1178,,43.0,6493.0,36,5.5,,64,,180,4,,,6-4,225,Left,16-36-1,16,36
Bob Avellini,1975,6,135,Chicago Bears,,,73,100.0,30,46.0,,0,,,1110,,50.5,7111.0,33,6.4,,69,,110,,10.0,7,6-2,208,Right,23-27-0,23,27
Jack Concannon,1964,1,1,Boston Patriots,,,90,100.0,29,45.45,,0,,,1110,,50.5,6270.0,36,5.6,,63,,91,,,,6-3,205,Right,20-24-1,20,24
Adrian Burk,1951,14,160,Washington Redskins,,,82,,,37.5,,0,['2x Pro Bowl'],0,,,46.3,7001.0,61,6.5,,89,,,4,,4,6-2,190,Right,15-25-2,15,25
Jim Hardy,1945,1,8,Washington Redskins,,,69,,,30.77,,0,['1x Pro Bowl'],0,,,46.4,5690.0,54,6.2,,73,,,,,,6-0,180,Right,4-9-0,4,9
Brock Purdy,2022,7,262,San Francisco 49ers,1.652,,5,100.0,-,40.0,,0,['1x Pro Bowl'],0,,,65.6,1374.0,6,8.8,,4,,,,,,6-1,220,Right,2-3-0,2,3
Red Dunn,,,,Undrafted,,,,,,,,0,,,,,,,48,,,,,,,,,5-10,172,,,,
Don Strock,1973,5,111,Miami Dolphins,,,167,100.0,21,72.73,,0,,,,,56.9,5349.0,45,6.9,,42,,,,8.0,7,6-5,220,Right,16-6-0,16,6
King Hill,1958,1,1,Chicago Cardinals,,,123,100.0,24,28.57,,0,,,,,48.7,5553.0,37,6.3,,71,,,7,,,6-3,212,Right,8-20-1,8,20
Dennis Shaw,1970,2,30,Buffalo Bills,,,50,100.0,20,22.86,,0,[],0,,,52.9,6347.0,35,6.9,,68,,124,,5.0,6,6-3,217,Right,8-27-2,8,27
Jim Ninowski,1958,4,49,Cleveland Browns,,,89,100.0,30,50.0,,0,[],0,,,49.0,7133.0,34,6.8,,67,,,4,,,6-1,206,Right,15-15-1,15,15
Joe Kapp,1959,18,209,Washington Redskins,,,51,100.0,24,53.33,,0,['1x Pro Bowl'],0,,,48.9,5911.0,40,6.4,,64,,109,7,,4,6-2,215,Right,24-21-3,24,21
George Shaw,1955,1,1,Baltimore Colts,,,71,100.0,9,41.38,,0,[],0,,,50.5,5829.0,41,7.3,,63,,,,,,6-1,183,Right,12-17-2,12,17
Mike Taliaferro,1963,10,138,New York Giants,,,82,100.0,13,34.38,,0,['1x Pro Bowl'],0,,,43.4,5241.0,36,5.4,,63,,,,,,6-2,202,Right,11-21-0,11,21
Steve Ramsey,1970,5,126,New Orleans Saints,,,54,100.0,25,45.16,,0,,,,,49.5,6437.0,35,7.0,,58,,110,4,5.0,,6-2,210,Right,14-17-0,14,17
Bob Hoernschemeyer,1947,11,94,New York Giants,,,113,,,,,0,['2x Pro Bowl'],0,,,,,,,,56,,,,,,5-11,194,Right,,,
Dave Wilson,,1,1,New Orleans Saints,,,53,100.0,17,38.71,,0,,,,,53.0,6987.0,36,6.7,,55,,99,,,,6-3,206,Right,12-19-0,12,19
Scott Brunner,1980,6,145,New York Giants,,,73,100.0,17,40.0,,0,,,,,48.9,6457.0,29,6.2,,54,,,5,7.0,4,6-5,206,Right,12-18-0,12,18
Johnny Lujack,1946,1,4,Chicago Bears,,,45,,,72.22,,0,"['2x Pro Bowl', '1x All-Pro']",0,,,50.0,6295.0,41,7.8,,54,,,,,,6-0,186,Right,13-5-0,13,5
Ralph Guglielmi,1955,1,4,Washington Redskins,,,66,100.0,13,33.33,,0,,,,,46.6,4119.0,24,6.6,,52,,,,,,6-1,196,Right,8-16-3,8,16
David Whitehurst,1988,7,186,New York Giants,,,27,100.0,,,,0,,,,,,,,,,51,,99,4,,,6-4,252,,,,
Marty Domres,1969,1,9,San Diego Chargers,,,90,100.0,21,37.5,,0,,,,,49.3,4904.0,27,6.1,,50,,,4,,,6-4,220,Right,12-20-0,12,20
Gary Huff,1973,2,33,Chicago Bears,,,57,100.0,11,25.0,,0,,,,,49.7,4329.0,16,5.5,,50,,82,,,,6-1,195,Right,7-21-0,7,21
Rob Johnson,1995,4,99,Jacksonville Jaguars,21.495,,48,100.0,23,41.38,,0,[],1,,,61.3,5795.0,30,7.2,,23,,140,,,4,6-4,204,Right,12-17-0,12,17
Hugh Millen,1986,3,71,Los Angeles Rams,,,40,100.0,16,28.0,,0,,,,,60.3,6440.0,22,6.9,,35,,126,,5.0,,6-5,216,Right,7-18-0,7,18
Zach Wilson,2021,1,2,New York Jets,32.424,,34,100.0,14,36.36,,0,,,,,57.0,6293.0,23,6.3,,25,,113,,5.0,5,6-2,214,Right,12-21-0,12,21
Joe Pisarcik,,,,Undrafted,,,61,100.0,18,30.0,,0,,,,,47.3,5552.0,24,6.2,,48,,112,4,,,6-4,220,Right,9-21-0,9,21
J.P. Losman,2004,1,22,Buffalo Bills,,,45,100.0,20,30.3,,0,,,,,59.2,6271.0,33,6.6,,34,,108,,6.0,,6-2,217,Right,10-23-0,10,23
Damon Huard,,,,Undrafted,,,64,100.0,20,55.56,,0,[],1,,,60.7,6303.0,33,6.7,,26,,94,,8.0,6,6-3,215,Right,15-12-0,15,12
Dick Shiner,1964,7,87,Washington Redskins,,,99,100.0,18,25.0,,0,,,,,48.1,4801.0,36,6.5,,43,,94,5,,,6-0,201,Right,7-21-1,7,21
David Archer,,,,Undrafted,,,55,100.0,14,40.91,,0,,,,,50.8,4337.0,18,6.6,,30,,89,,,,6-2,207,Right,9-13-1,9,13
David Klingler,1992,1,6,Cincinnati Bengals,,,33,100.0,11,16.67,,0,,,,,54.2,3994.0,16,5.6,,22,,87,,,,6-3,210,Right,4-20-0,4,20
Jack Thompson,1979,1,3,Cincinnati Bengals,,,51,100.0,14,19.05,,0,,,,,53.1,5315.0,33,6.3,,45,,85,,,,6-3,217,Right,4-17-0,4,17
Steve Tensi,1965,4,30,San Diego Chargers,,,56,100.0,21,30.3,,0,,,,,42.8,5558.0,43,6.4,,46,,82,5,,,6-5,215,Right,10-23-1,10,23
Don Trull,1963,14,111,Houston Oilers,,,77,100.0,18,25.0,,0,,,,,43.3,3980.0,30,6.2,,28,,,5,,,6-1,195,Right,4-12-2,4,12
Ty Detmer,1992,9,230,Green Bay Packers,,,54,100.0,16,44.0,,0,,,,,57.7,6351.0,34,6.7,,35,,,6,6.0,5,6-0,189,Right,11-14-0,11,14
Trent Edwards,1999,1,13,Pittsburgh Steelers,,,92,100.0,,,,0,,,,,,,,,,,,,6,5.0,4,5-10,195,,,,
A.J. Feeley,2001,5,155,Philadelphia Eagles,,,28,100.0,8,44.44,,0,,,,,55.8,4618.0,28,6.1,,31,,,6,5.0,,6-3,220,Right,8-10-0,8,10
Ryan Leaf,1998,1,2,San Diego Chargers,,,25,100.0,1,19.05,,0,,,,,48.4,3666.0,14,5.6,,36,,,6,,,6-5,245,Right,4-17-0,4,17
Kellen Clemens,2006,2,49,New York Jets,5.145,,64,100.0,10,38.1,,0,,,,,54.9,4053.0,16,6.4,,21,,,5,,,6-2,220,Right,8-13-0,8,13
Scott Hunter,1971,6,140,Green Bay Packers,,,64,100.0,22,53.85,,0,,,,,44.8,4756.0,23,6.4,,38,,,5,9.0,6,6-2,205,Right,21-18-3,21,18
Danny Kanell,1996,4,130,New York Giants,,,43,100.0,15,43.48,,0,,,,,51.4,5129.0,31,5.4,,34,,,5,,,6-3,218,Right,10-13-1,10,13
Mike McMahon,2001,5,149,Detroit Lions,,,29,100.0,6,21.43,,0,,,,,44.5,2867.0,15,5.6,,21,,,5,,,6-2,208,Right,3-11-0,3,11
Chris Redman,2000,3,75,Baltimore Ravens,,,30,100.0,10,33.33,,0,[],1,,,57.2,3179.0,21,6.4,,14,,,5,,,6-3,223,Right,4-8-0,4,8
Josh Rosen,1980,7,185,Miami Dolphins,18.785,,83,100.0,,,,0,,,,,,,,,,,,,5,,,6-3,228,,,,
Chris Weinke,2001,4,106,Carolina Panthers,,,29,100.0,9,10.0,,0,,,,,54.4,3904.0,15,5.5,,26,,,5,,,6-4,232,Right,2-18-0,2,18
Tony Adams,1973,14,343,San Diego Chargers,,,53,100.0,10,10.0,,0,,,,,52.0,2733.0,12,6.7,,27,,,4,,,6-0,198,Right,1-9-0,1,9
Todd Blackledge,1983,1,7,Kansas City Chiefs,,,46,100.0,13,51.72,,0,,,,,48.1,5286.0,29,6.0,,38,,,4,,,6-3,225,Right,15-14-0,15,14
Todd Bouman,,,,Undrafted,,,43,100.0,6,14.29,,0,,,,,55.7,1905.0,13,7.2,,13,,,4,,,6-2,229,Right,1-6-0,1,6
Stoney Case,1995,3,80,Arizona Cardinals,,,20,100.0,4,50.0,,0,,,,,51.3,1826.0,4,5.7,,15,,,4,,,6-3,204,Right,3-3-0,3,3
Austin Davis,2012,,,Undrafted,5.214,,16,100.0,6,30.0,,0,,,,,62.4,2548.0,13,6.7,,12,,,4,,,6-2,221,Right,3-7-0,3,7
Ken Dorsey,2003,7,241,San Francisco 49ers,,,16,100.0,2,15.38,,0,,,,,52.5,2082.0,8,5.1,,18,,,4,,,6-4,220,Right,2-11-0,2,11
Matt Flynn,2008,7,209,Green Bay Packers,17.759,,51,100.0,8,42.86,,0,[],1,,,61.3,2541.0,17,7.1,,11,,,4,,4,6-2,228,Right,3-4-0,3,4
Bob Gagliano,1981,12,319,Kansas City Chiefs,,,32,100.0,13,53.85,,0,,,,,51.2,3431.0,17,7.1,,27,,,4,,,6-3,200,Right,7-6-0,7,6
George Herring,1956,16,184,San Francisco 49ers,,,28,100.0,0,0.0,,0,,,,,43.8,1297.0,5,5.6,,23,,,4,,,6-2,200,Right,0-3-0,0,3
Kelly Holcomb,,,,Undrafted,,,37,100.0,16,33.33,,0,,,,,63.3,5916.0,39,6.6,,38,,,4,,,6-2,212,Right,8-16-0,8,16
Sam Howell,2022,5,144,Washington Commanders,1.937,,18,100.0,12,27.78,,0,,,,,63.2,4115.0,22,6.5,,22,,,4,,,6-1,220,Right,5-13-0,5,13
Kevin Kolb,2007,2,36,Philadelphia Eagles,37.68,,34,100.0,13,42.86,,0,,,,,59.5,5206.0,28,6.9,,25,,,4,,4,6-3,218,Right,9-12-0,9,12
Pete Liske,1963,15,115,New York Jets,,,48,100.0,19,46.43,,0,,,,,50.9,5170.0,30,6.6,,46,,,4,,,6-3,200,Right,13-15-1,13,15
Shane Matthews,,,,Undrafted,,,31,100.0,8,50.0,,0,,,,,58.6,4756.0,31,5.7,,24,,,4,,,6-3,196,Right,11-11-0,11,11
Nick Mullens,2017,,,Undrafted,6.525,,2,100.0,-,,,0,,,,,100.0,24.0,34,24.0,,0,,,4,,,6-0,210,Right,-,,
Rick Norton,1966,1,2,Miami Dolphins,,,32,100.0,6,9.09,,0,,,,,41.6,1815.0,7,4.8,,30,,,4,,,6-2,200,Right,1-10-0,1,10
Patrick Ramsey,2002,1,32,Washington Redskins,,,37,100.0,15,41.67,,0,,,,,56.0,5930.0,35,6.5,,30,,,4,,,6-2,225,Right,10-14-0,10,14
Frank Reich,1985,3,57,Buffalo Bills,,,118,100.0,17,25.0,,0,,,,,54.5,6075.0,40,6.5,,36,,,4,,,6-4,210,Right,5-15-0,5,15
M.C. Reynolds,,,,Undrafted,,,40,100.0,1,33.33,,0,,,,,49.3,2932.0,17,6.5,,28,,,4,,,6-0,193,Right,3-6-0,3,6
Turk Schonert,1980,9,242,Chicago Bears,,,72,100.0,13,58.33,,0,,,,,61.7,3788.0,11,7.5,,20,,,4,,,6-1,191,Right,7-5-0,7,5
Billy Volek,,,,Undrafted,,,39,100.0,12,30.0,,0,,,,,60.1,3754.0,27,6.7,,15,,,4,,,6-2,214,Right,3-7-0,3,7
Tommy Wade,,,,Undrafted,,,5,100.0,1,0.0,,0,,,,,49.3,470.0,2,6.8,,13,,,4,,,6-2,195,Right,0-2-0,0,2
Danny Wuerffel,1997,4,99,New Orleans Saints,,,25,100.0,6,40.0,,0,,,,,52.6,2123.0,12,6.1,,22,,,4,,,6-1,212,Right,4-6-0,4,6
Quincy Carter,2001,2,53,Dallas Cowboys,,,38,100.0,17,52.94,,0,,,,,56.5,6337.0,32,6.6,,37,,,,7.0,5,6-2,213,Right,18-16-0,18,16
Bruce Gradkowski,2006,6,194,Tampa Bay Buccaneers,5.163,,37,100.0,8,30.0,,0,,,,,52.9,4057.0,21,5.7,,24,,,,7.0,6,6-1,217,Right,6-14-0,6,14
Kenny Pickett,2022,1,20,Pittsburgh Steelers,9.461,,25,100.0,13,58.33,,0,,,,,62.6,4474.0,13,6.3,,13,,,,7.0,6,6-3,220,Right,14-10-0,14,10
John Skelton,2010,5,155,Arizona Cardinals,,,20,100.0,4,47.06,,0,,,,,53.2,3707.0,15,6.2,,25,,,,7.0,6,6-5,244,Right,8-9-0,8,9
Tim Tebow,2010,1,25,Denver Broncos,9.595,,35,100.0,12,57.14,,0,,,,,47.9,2422.0,17,6.7,,9,,,,6.0,6,6-2,236,Left,8-6-0,8,6
Cody Carlson,1987,3,64,Houston Oilers,,,45,100.0,15,57.89,,0,,,,,56.1,4469.0,21,6.8,,28,,,,5.0,4,6-3,202,Right,11-8-0,11,8
Todd Collins,1995,2,45,Buffalo Bills,,,49,100.0,11,52.38,,0,,,,,55.8,4547.0,22,6.5,,24,,,,5.0,,6-4,223,Right,11-10-0,11,10
Steve Dils,1979,4,97,Minnesota Vikings,,,106,100.0,17,37.04,,0,,,,,51.9,5816.0,27,6.0,,32,,,,5.0,,6-1,190,Right,10-17-0,10,17
Johnny Green,1959,21,247,Pittsburgh Steelers,,,30,100.0,11,42.11,,0,,,,,44.5,3921.0,26,6.3,,34,,,,5.0,4,6-3,198,Right,8-11-0,8,11
Jeff Kemp,,,,Undrafted,,,96,100.0,23,57.14,,0,,,,,52.3,6230.0,39,6.8,,40,,,,5.0,4,6-0,201,Right,16-12-1,16,12
Shaun King,1999,2,50,Tampa Bay Buccaneers,,,34,100.0,19,58.33,,0,[],1,,,56.2,4566.0,27,6.2,,24,,,,5.0,4,6-1,228,Right,14-10-0,14,10
Paul McDonald,1980,4,109,Cleveland Browns,,,85,100.0,16,38.1,,0,,,,,53.6,5269.0,24,6.9,,37,,,,5.0,,6-2,185,Left,8-13-0,8,13
Desmond Ridder,2022,3,74,Atlanta Falcons,2.734,,19,100.0,12,47.06,,0,,,,,64.0,3544.0,14,7.0,,12,,,,5.0,,6-3,207,Right,8-9-0,8,9
Jeff Rutledge,1979,9,246,Los Angeles Rams,,,117,100.0,8,22.22,,0,[],2,,,52.1,3628.0,16,6.9,,29,,,,5.0,4,6-1,195,Right,2-7-1,2,7
Drew Stanton,2007,2,43,Detroit Lions,26.36,,38,100.0,10,64.71,,0,,,,,52.4,4059.0,20,6.2,,24,,,,,4,6-3,226,Right,11-6-0,11,6
Cliff Stoudt,1977,5,121,Pittsburgh Steelers,,,66,100.0,17,45.0,,0,,,,,52.5,4506.0,23,6.6,,43,,,,,4,6-4,215,Right,9-11-0,9,11
Matt Stafford,2009,1,1,Detroit Lions,328.0,,5,100.0,-,20.0,,,['2x Pro Bowl'],1,,,67.4,1238.0,3,7.1,,3,,,,,,6-3,214,Right,1-4-0,1,4
Jordan Love,1967,7,172,Washington Redskins,94.883,,18,100.0,,,,,,,,,,,,,,,,,,,,5-11,185,,,,
Chase Daniel,2009,,,Undrafted,43.102,,74,100.0,6,40.0,,,,,,,68.1,1746.0,9,6.4,,7,,,,,,6-0,218,Right,2-3-0,2,3
JaMarcus Russell,2007,1,1,Oakland Raiders,39.365,,31,100.0,6,28.0,,,,,,,52.1,4083.0,18,6.0,,23,,,,,,6-6,265,Right,7-18-0,7,18
Trey Lance,2021,1,3,San Francisco 49ers,28.795,,8,100.0,4,50.0,,,,,,,54.9,797.0,5,7.8,,3,,,,,,6-4,226,Right,2-2-0,2,2
Caleb Williams,1990,5,133,Philadelphia Eagles,25.537,,100,100.0,,,,,,,,,,,,,,,,,,,,5-11,187,,,,
Bryce Young,1994,1,7,San Francisco 49ers,25.354,,208,100.0,,,,1990,"['4x Pro Bowl', '1x All-Pro']",1,,,,,,,,,,,,,,6-3,291,,,,
Jayden Daniels,2024,,,Undrafted,24.272,,,,,,,,,,,,,,,,,,,,,,,6-4,300,,,,
Drake Maye,2024,1,3,New England Patriots,23.467,,1,100.0,-,,,,,,,,50.0,22.0,,2.8,,0,,,,,,6-4,225,Right,-,,
Matt Leinart,2006,1,10,Arizona Cardinals,22.645,,33,100.0,12,44.44,,,,,,,57.1,4065.0,15,6.3,,21,,,,,,6-5,225,Left,8-10-0,8,10
Anthony Richardson,2023,,,Undrafted,22.473,,,,,,,,,,,,,,,,,,,,,,,6-3,217,,,,
Charlie Whitehurst,1980,1,27,Cleveland Browns,17.5,,108,100.0,,,,,"['1x Pro Bowl', '1x All-Pro']",0,,,,,,,,,,,,,,5-10,190,,,,
Luke McCown,2004,4,106,Cleveland Browns,17.31,,62,100.0,8,20.0,,,,,,,60.7,2370.0,9,6.7,,15,,,,,,6-4,217,Right,2-8-0,2,8
Gardner Minshew,2019,6,178,Jacksonville Jaguars,16.252,,5,100.0,-,40.0,,,['1x Pro Bowl'],0,,,70.7,1014.0,4,7.2,,5,,,,,,6-1,225,Right,2-3-0,2,3
A.J. McCarron,2014,5,164,Cincinnati Bengals,16.016,,19,100.0,4,50.0,,,,,,,63.1,1192.0,6,6.7,,3,,,,,,6-3,220,Right,2-2-0,2,2
Dwayne Haskins,2019,1,15,Washington Redskins,15.267,,16,100.0,4,23.08,,,,,,,60.1,2804.0,12,6.3,,14,,,,,,6-4,230,Right,3-10-0,3,10
Michael Penix Jr.,2024,1,8,Atlanta Falcons,13.462,,,,,,,,,,,,,,,,,,,,,,,6-2,216,Left,,,
Drew Lock,2019,2,42,Denver Broncos,13.011,,1,100.0,-,,,,,,,,,5283.0,28,,,0,,,,,,6-4,228,Right,-,,
Jake Locker,2011,1,8,Tennessee Titans,12.586,,30,100.0,16,39.13,,,,,,,57.5,4967.0,27,7.0,,22,,,,,,6-2,228,Right,9-14-0,9,14
C.J. Beathard,2017,3,104,San Francisco 49ers,11.501,,32,100.0,9,23.08,,,,,,,60.4,3886.0,19,6.9,,14,,,,,,6-2,215,Right,3-10-0,3,10
Mason Rudolph,2018,3,76,Pittsburgh Steelers,11.337,,1,100.0,-,,,,,,,,52.9,85.0,19,5.0,,0,,,,,,6-5,235,Right,-,,
Nate Sudfeld,2016,6,187,Washington Redskins,11.003,,6,100.0,1,,,,[],1,,,67.6,188.0,1,5.1,,1,,,,,,6-6,230,Right,,,
Brandon Weeden,2012,1,22,Cleveland Browns,10.876,,35,100.0,14,24.0,,,,,,,57.9,6462.0,31,6.7,,30,,,,,,6-3,227,Right,6-19-0,6,19
Matt Barkley,2013,4,98,Philadelphia Eagles,10.648,,20,100.0,5,28.57,,,,,,,58.4,2699.0,11,7.4,,22,,,,,,6-2,234,Right,2-5-0,2,5
Taysom Hill,2017,,,Undrafted,10.511,,3,100.0,,,,,,,,,,,,,,,,,,,,6-2,221,Right,,,
Ryan Mallett,2011,3,74,New England Patriots,9.517,,21,100.0,4,37.5,,,,,,,55.1,1835.0,9,5.3,,10,,,,,,6-6,240,Right,3-5-0,3,5
Josh Johnson,1990,7,169,Phoenix Cardinals,9.481,,72,100.0,,,,,['1x Pro Bowl'],0,,,,,,,,,,,,,,6-3,220,,,,
Mike White,2018,,,Undrafted,9.101,,,,,,,,,,,,,,,,,,,,,,,5-11,185,,,,
Paxton Lynch,2016,1,26,Denver Broncos,8.829,,5,100.0,2,25.0,,,,,,,61.7,792.0,4,6.2,,4,,,,,,6-7,244,Right,1-3-0,1,3
Jeff Driskel,2016,6,207,San Francisco 49ers,8.07,,1,100.0,-,,,,,,,,,2394.0,16,,,0,,,,,,6-4,231,Right,-,,
Joshua Dobbs,2017,4,135,Pittsburgh Steelers,7.836,,21,100.0,8,21.43,,,,,,,62.2,2920.0,15,5.8,,13,,,,,,6-3,220,Right,3-11-0,3,11
Jarrett Stidham,2019,4,133,New England Patriots,7.621,,16,100.0,6,25.0,,,,,,,59.4,1422.0,8,7.2,,8,,,,,,6-3,215,Right,1-3-0,1,3
Tim Boyle,2018,,,Undrafted,7.193,,1,100.0,-,,,,,,,,53.8,79.0,4,6.1,,0,,,,,,6-4,233,Right,-,,
Sean Mannion,2015,3,89,St. Louis Rams,7.191,,14,100.0,2,0.0,,,,,,,60.9,573.0,1,5.2,,3,,,,,,6-6,230,Right,0-3-0,0,3
Brandon Allen,2016,6,201,Jacksonville Jaguars,6.882,,1,100.0,-,,,,,,,,,1611.0,10,,,0,,,,,,6-2,209,Right,-,,
Cooper Rush,2017,,,Undrafted,6.718,,2,100.0,-,,,,,,,,33.3,6.0,8,2.0,,0,,,,,,6-3,225,Right,-,,
Brett Hundley,2015,5,147,Green Bay Packers,6.049,,18,100.0,5,33.33,,,,,,,59.1,1902.0,9,5.6,,13,,,,,,6-3,226,Right,3-6-0,3,6
Ryan Griffin,2013,6,201,Houston Texans,5.941,,134,100.0,,,,,,,,,,,,,,,,,,,,6-6,255,,,,
Kyle Allen,2018,,,Undrafted,5.937,,1,100.0,-,,,,,,,,100.0,19.0,26,19.0,,0,,,,,,6-3,210,Right,-,,
Davis Mills,2021,,,Undrafted,5.866,,6,100.0,,,,,,,,,,,,,,,,,,,,6-5,307,,,,
Nathan Peterman,2017,5,171,Buffalo Bills,5.605,,15,100.0,3,20.0,,,,,,,53.1,712.0,4,4.5,,13,,,,,,6-2,225,Right,1-4-0,1,4
Phillip Walker,2017,,,Undrafted,5.552,,21,100.0,6,55.56,,,,,,,54.6,2135.0,6,6.3,,16,,,,,,5-11,215,Right,5-4-0,5,4
Johnny Manziel,2014,1,22,Cleveland Browns,5.534,,14,100.0,4,25.0,,,,,,,57.0,1675.0,7,6.5,,7,,,,,,6-0,207,Right,2-6-0,2,6
Landry Jones,1980,1,2,New York Jets,5.239,,61,100.0,,,,,,,,,,,,,,,,,,,,5-11,180,,,,
Easton Stick,2019,5,166,Los Angeles Chargers,5.231,,6,100.0,4,0.0,,,,,,,64.0,1133.0,3,6.5,,1,,,,,,6-1,224,Right,0-4-0,0,4
Tyler Huntley,2020,,,Undrafted,5.097,,,,,,,,,,,,,,,,,,,,,,,5-11,198,,,,
Will Levis,2023,2,33,Tennessee Titans,4.69,,4,100.0,-,25.0,,,,,,,68.4,604.0,4,6.2,,6,,,,,,6-4,229,Right,1-3-0,1,3
Will Grier,2019,3,100,Carolina Panthers,4.643,,2,100.0,1,0.0,,,,,,,53.8,228.0,,4.4,,4,,,,,,6-1,220,Right,0-2-0,0,2
Joe Webb,2010,6,199,Minnesota Vikings,4.303,,104,100.0,4,50.0,,,,,,,56.6,888.0,3,5.6,,6,,,,,,6-4,231,Right,1-1-0,1,1
Tyler Bray,2015,,,Undrafted,4.183,,2,100.0,0,,,,,,,,16.7,18.0,,3.0,,0,,,,,,6-6,223,Right,,,
Kyle Trask,2021,2,64,Tampa Bay Buccaneers,4.121,,1,100.0,-,,,,,,,,,23.0,,,,0,,,,,,6-5,236,Right,-,,
DeShone Kizer,2017,2,52,Cleveland Browns,3.943,,18,100.0,6,0.0,,,,,,,53.1,3081.0,11,5.9,,24,,,,,,6-4,235,Right,0-15-0,0,15
Brett Rypien,2019,,,Undrafted,3.707,,10,100.0,3,50.0,,,,,,,58.3,950.0,4,5.7,,9,,,,,,6-2,202,Right,2-2-0,2,2
John Wolford,2019,,,Undrafted,3.697,,7,100.0,2,50.0,,,[],1,,,58.7,626.0,1,6.0,,5,,,,,,6-1,218,Right,2-2-0,2,2
Scott Tolzien,2016,,,Undrafted,3.607,,10,100.0,3,0.0,,,,,,,60.3,1065.0,2,7.3,,9,,,,,,6-3,205,Right,0-3-1,0,3
David Fales,2014,6,183,Chicago Bears,3.258,,5,100.0,1,,,,,,,,64.6,287.0,1,6.0,,1,,,,,,6-2,210,Right,,,
T.J. Yates,2011,5,152,Houston Texans,3.21,,22,100.0,6,40.0,,,,,,,55.2,2057.0,10,6.3,,11,,,,,,6-4,215,Right,4-6-0,4,6
Logan Woodside,2018,7,249,Cincinnati Bengals,3.084,,13,100.0,,,,,,,,,,,,,,,,,,,,6-1,213,Right,,,
David Blough,2019,,,Undrafted,3.084,,9,100.0,0,0.0,,,,,,,57.0,1435.0,6,5.9,,9,,,,,,6-1,207,Right,0-7-0,0,7
Kevin Hogan,2016,5,162,Kansas City Chiefs,3.054,,9,100.0,2,0.0,,,,,,,59.4,621.0,4,6.1,,7,,,,,,6-3,218,Right,0-1-0,0,1
Tom Savage,2014,4,135,Houston Texans,3.035,,13,100.0,3,22.22,,,,,,,57.5,2000.0,5,6.3,,7,,,,,,6-4,230,Right,2-7-0,2,7
Cody Kessler,2016,3,93,Cleveland Browns,3.028,,17,100.0,5,16.67,,,,,,,64.2,2215.0,8,6.3,,5,,,,,,6-1,215,Right,2-10-0,2,10
Trace McSorley,2019,6,197,Baltimore Ravens,2.923,,9,100.0,1,0.0,,,,,,,51.6,502.0,1,5.4,,5,,,,,,6-0,202,Right,0-1-0,0,1
Ryan Nassib,2013,4,110,New York Giants,2.876,,5,100.0,0,,,,,,,,90.0,128.0,1,12.8,,0,,,,,,6-2,227,Right,,,
Kellen Mond,2021,3,66,Minnesota Vikings,2.872,,1,100.0,0,,,,,,,,66.7,5.0,,1.7,,0,,,,,,6-3,212,Right,,,
Davis Webb,2017,3,87,New York Giants,2.776,,2,100.0,1,0.0,,,,,,,57.5,168.0,1,4.2,,0,,,,,,6-5,225,Right,0-1-0,0,1
Christian Hackenberg,2016,,,Undrafted,2.77,,,,,,,,,,,,,,,,,,,,,,,6-2,195,,,,
Malik Willis,2022,,,Undrafted,2.766,,43,100.0,,,,,,,,,,,,,,,,,,,,5-11,185,,,,
Alex Tanney,2015,,,Undrafted,2.755,,2,100.0,0,,,,,,,,73.3,100.0,1,6.7,,0,,,,,,6-4,220,Right,,,
Garrett Gilbert,2014,,,Undrafted,2.669,,58,100.0,5,0.0,,,,,,,56.4,1544.0,9,6.0,,12,,,,,,6-3,209,Right,0-4-0,0,4
Jacob Eason,2020,4,122,Indianapolis Colts,2.544,,2,100.0,0,,,,,,,,50.0,84.0,,8.4,,2,,,,,,6-6,231,Right,,,
Sam Ehlinger,2021,6,218,Indianapolis Colts,2.474,,8,100.0,2,0.0,,,,,,,63.4,573.0,3,5.7,,3,,,,,,6-2,225,Right,0-3-0,0,3
Bryce Petty,2009,1,20,Detroit Lions,2.253,,93,100.0,,,,,,,,,,,,,,,,,,,,6-5,257,,,,
Bailey Zappe,2022,4,137,New England Patriots,2.222,,14,100.0,2,50.0,,,,,,,63.2,2053.0,11,6.8,,12,,,,,,6-1,215,Right,4-4-0,4,4
Dan Orlovsky,2005,5,145,Detroit Lions,2.175,,26,100.0,7,16.67,,,,,,,58.2,3132.0,15,6.1,,13,,,,,,6-5,215,Right,2-10-0,2,10
Ian Book,2021,4,133,New Orleans Saints,2.171,,1,100.0,0,0.0,,,,,,,60.0,135.0,,6.8,,2,,,,,,6-0,212,Right,0-1-0,0,1
Feleipe Franks,2021,,,Undrafted,2.109,,5,100.0,,,,,,,,,,,,,,,,,,,,6-6,228,Right,,,
Jake Luton,2020,6,189,Jacksonville Jaguars,2.092,,3,100.0,2,0.0,,,,,,,54.5,624.0,2,5.7,,6,,,,,,6-6,224,Right,0-3-0,0,3
Ryan Finley,2019,4,104,Cincinnati Bengals,1.96,,8,100.0,2,25.0,,,,,,,48.7,638.0,3,5.4,,4,,,,,,6-4,207,Right,1-3-0,1,3
Kyle Lauletta,2018,4,108,New York Giants,1.931,,2,100.0,0,,,,,,,,0.0,,,0.0,,1,,,,,,6-2,222,Right,,,
Ricky Stanzi,2011,5,135,Kansas City Chiefs,1.755,,,,,,,,,,,,,,,,,,,,,,,6-4,223,Right,,,
Connor Cook,2016,4,100,Oakland Raiders,1.749,,1,100.0,0,,,,,,,,66.7,150.0,1,7.1,,1,,,,,,6-4,215,Right,,,
Jake Rudock,2016,6,191,Detroit Lions,1.733,,3,100.0,0,,,,,,,,60.0,24.0,,4.8,,1,,,,,,6-3,212,Right,,,
Jake Fromm,2020,5,167,Buffalo Bills,1.718,,3,100.0,1,0.0,,,,,,,45.0,210.0,1,3.5,,3,,,,,,6-2,215,Right,0-2-0,0,2
Bryce Perkins,2020,,,Undrafted,1.66,,30,100.0,,,,,,,,,,,,,,,,,,,,6-2,230,,,,
Hendon Hooker,2023,3,68,Detroit Lions,1.659,,,,,,,,,,,,,,,,,,,,,,,6-3,220,,,,
Jake Browning,2011,4,118,Kansas City Chiefs,1.658,,47,100.0,,,,,,,,,,,,,,,,,,,,6-0,202,,,,
Skylar Thompson,2022,7,247,Miami Dolphins,1.657,,2,100.0,-,0.0,,,,,,,63.6,187.0,1,5.7,,0,,,,,,6-2,210,Right,0-1-0,0,1
Zach Mettenberger,2014,6,178,Tennessee Titans,1.655,,14,100.0,1,0.0,,,,,,,60.3,2347.0,12,6.8,,14,,,,,,6-5,224,Right,0-10-0,0,10
Logan Thomas,2014,4,120,Arizona Cardinals,1.649,,94,100.0,,,,,,,,,,,,,,,,,,,,6-6,250,Right,,,
James Morgan,2020,4,125,New York Jets,1.571,,,,,,,,,,,,,,,,,,,,,,,6-4,229,Right,,,
Ryan Lindley,2012,6,185,Arizona Cardinals,1.547,,10,100.0,-4,16.67,,,,,,,51.1,1372.0,3,5.0,,11,,,,,,6-3,229,Right,1-5-0,1,5
Zac Dysert,2013,7,234,Denver Broncos,1.531,,,,,,,,,,,,,,,,,,,,,,,6-3,231,,,,
Cardale Jones,1994,3,80,Los Angeles Raiders,1.519,,16,100.0,,,,,[],1,,,,,,,,,,,,,,5-11,205,,,,
Chris Streveler,2020,,,Undrafted,1.513,,9,100.0,0,,,,,,,,67.5,231.0,1,5.8,,1,,,,,,6-1,216,Right,,,
Kellen Moore,2008,5,136,Detroit Lions,1.485,,14,100.0,,,,,,,,,,,,,,,,,,,,5-11,199,,,,
Shane Buechele,2021,,,Undrafted,1.481,,,,,,,,,,,,,,,,,,,,,,,6-0,210,,,,
Garrett Grayson,2015,3,75,New Orleans Saints,1.475,,,,,,,,,,,,,,,,,,,,,,,6-2,220,Right,,,
Kyle Sloter,2017,,,Undrafted,1.456,,,,,,,,,,,,,,,,,,,,,,,6-5,218,,,,
Matt Corral,2022,3,94,Carolina Panthers,1.381,,,,,,,,,,,,,,,,,,,,,,,6-2,205,Right,,,
Sean Renfree,2013,7,249,Atlanta Falcons,1.359,,2,100.0,0,,,,,,,,42.9,11.0,,1.6,,1,,,,,,6-3,219,Right,,,
Aidan O'Connell,2023,4,135,Las Vegas Raiders,1.259,,2,100.0,-,,,,,,,,59.4,176.0,1,5.5,,1,,,,,,6-3,210,Right,-,,
Aaron Murray,2014,5,163,Kansas City Chiefs,1.246,,,,,,,,,,,,,,,,,,,,,,,6-1,207,,,,
Jake Haener,2023,4,127,New Orleans Saints,1.205,,3,100.0,-,,,,,,,,25.0,17.0,,2.1,,0,,,,,,6-1,200,Right,-,,
Ben DiNucci,2020,7,231,Dallas Cowboys,1.196,,3,100.0,1,0.0,,,,,,,53.5,219.0,,5.1,,0,,,,,,6-2,215,Right,0-1-0,0,1
Alex McGough,2018,7,220,Seattle Seahawks,1.181,,,,,,,,,,,,,,,,,,,,,,,6-3,214,,,,
Chad Kelly,2017,7,253,Denver Broncos,1.166,,1,100.0,,,,,,,,,,,,,,,,,,,,6-2,216,Right,,,
Stetson Bennett,2023,4,128,Los Angeles Rams,1.149,,,,,,,,,,,,,,,,,,,,,,,5-11,190,,,,
Jimmy Clausen,2010,2,48,Carolina Panthers,1.125,,21,100.0,3,7.14,,,,,,,54.0,2520.0,7,5.3,,14,,,,,,6-3,217,Right,1-13-0,1,13
Clayton Tune,2023,5,139,Arizona Cardinals,1.101,,1,100.0,-,,,,,,,,,62.0,,,,0,,,,,,6-3,220,Right,-,,
Sean Clifford,2023,5,149,Green Bay Packers,1.074,,2,100.0,,,,,,,,,,,,,,,,,,,,6-2,218,Right,,,
Reid Sinnett,2020,,,Undrafted,1.065,,,,,,,,,,,,,,,,,,,,,,,6-4,225,,,,
Dorian Thompson-Robinson,1991,2,51,Seattle Seahawks,1.059,,39,100.0,,,,,,,,,,,,,,,,,,,,5-10,178,,,,
Jaren Hall,2023,5,164,Minnesota Vikings,1.029,,3,100.0,1,50.0,,,,,,,65.0,168.0,,8.4,,1,,,,,,6-0,207,Right,1-1-0,1,1
Kurt Benkert,2018,,,Draft Finder,1.023,,,,,,,,,,,,,,,,,,,,,,,,,,,,
Brad Kaaya,2017,6,215,Detroit Lions,1.017,,,,,,,,,,,,,,,,,,,,,,,6-4,215,Right,,,
B.J. Daniels,2013,7,237,San Francisco 49ers,1.0,,8,100.0,,,,,,,,,,,,,,,,,,,,5-11,217,Right,,,
Tanner McKee,2023,,,Draft Finder,0.937,,,,,,,,,,,,,,,,,,,,,,,6-6,228,,,,
Danny Etling,2018,7,219,New England Patriots,0.841,,,,,,,,,,,,,,,,,,,,,,,6-3,220,Right,,,
Seneca Wallace,2003,4,110,Seattle Seahawks,0.84,,64,100.0,16,27.27,,,,,,,59.4,4947.0,31,6.3,,19,,,,,,5-11,205,Right,6-16-0,6,16
Joe Callahan,2016,,,Undrafted,0.837,,1,100.0,0,,,,,,,,71.4,11.0,,1.6,,0,,,,,,6-1,216,Right,,,
Greg McElroy,2011,7,208,New York Jets,0.815,,2,100.0,1,0.0,,,,,,,61.3,214.0,1,6.9,,1,,,,,,6-2,222,Right,0-1-0,0,1
Tyson Bagent,2023,,,Undrafted,0.775,,1,100.0,-,,,,,,,,,859.0,3,,,0,,,,,,6-3,213,Right,-,,
Clayton Thorson,2019,5,167,Philadelphia Eagles,0.726,,,,,,,,,,,,,,,,,,,,,,,6-4,222,,,,
Luke Falk,2018,6,199,Tennessee Titans,0.719,,3,100.0,1,0.0,,,,,,,64.4,416.0,,5.7,,3,,,,,,6-4,215,Right,0-2-0,0,2
Nate Stanley,2020,7,244,Minnesota Vikings,0.707,,,,,,,,,,,,,,,,,,,,,,,6-4,235,,,,
Curtis Painter,2009,6,201,Indianapolis Colts,0.695,,14,100.0,2,0.0,,,,,,,51.6,1681.0,6,5.9,,13,,,,,,6-4,230,Right,0-8-0,0,8
Chris Oladokun,2022,7,241,Pittsburgh Steelers,0.678,,,,,,,,,,,,,,,,,,,,,,,6-1,213,Right,,,
Jacob Dolegala,2019,,,Undrafted,0.671,,,,,,,,,,,,,,,,,,,,,,,6-7,242,,,,
Tyler Wilson,2013,4,112,Oakland Raiders,0.654,,,,,,,,,,,,,,,,,,,,,,,6-2,215,,,,
Malik Cunningham,2023,,,Undrafted,0.653,,2,100.0,,,,,,,,,,,,,,,,,,,,6-1,186,,,,
Brad Sorensen,2013,7,221,San Diego Chargers,0.642,,,,,,,,,,,,,,,,,,,,,,,6-5,229,,,,
Josh Woodrum,2016,7,226,Jacksonville Jaguars,0.638,,6,100.0,,,,,,,,,,,,,,,,,,,,6-5,271,,,,
Stephen Morris,2015,,,Undrafted,0.63,,,,,,,,,,,,,,,,,,,,,,,6-2,220,,,,
Tommy DeVito,2023,,,Undrafted,0.622,,9,100.0,4,50.0,,,,,,,64.0,1101.0,8,6.2,,3,,,,,,6-2,210,Right,3-3-0,3,3
Nathan Rourke,2023,,,Undrafted,0.615,,,,,,,,,,,,,,,,,,,,,,,6-1,210,,,,
Devlin Hodges,2019,,,Undrafted,0.597,,8,100.0,0,50.0,,,,,,,62.5,1063.0,5,6.6,,8,,,,,,6-1,210,Right,3-3-0,3,3
Trevone Boykin,2016,,,Undrafted,0.587,,5,100.0,0,,,,,,,,72.2,145.0,1,8.1,,1,,,,,,6-0,213,Right,,,
Nathan Enderle,2011,5,160,Chicago Bears,0.544,,,,,,,,,,,,,,,,,,,,,,,6-4,240,Right,,,
Brady Quinn,2007,1,22,Cleveland Browns,0.536,,24,100.0,2,20.0,,,,,,,53.8,3043.0,12,5.5,,17,,,,,,6-4,232,Right,4-16-0,4,16
Matt Simms,2019,,,Undrafted,0.525,,4,100.0,1,,,,,,,,48.7,195.0,1,5.0,,1,,,,,,6-3,210,Right,,,
Thaddeus Lewis,1994,1,24,New York Giants,0.458,,34,100.0,,,,,,,,,,,,,,,,,,,,6-1,191,,,,
Chandler Harnish,2012,7,253,Indianapolis Colts,0.45,,,,,,,,,,,,,,,,,,,,,,,6-2,219,Right,,,
Tyree Jackson,,,,Draft Finder,0.45,,,,,,,,,,,,,,,,,,,,,,,,,,,,
Steven Montez,2020,,,Draft Finder,0.435,,,,,,,,,,,,,,,,,,,,,,,,,,,,
Zac Robinson,2010,7,250,New England Patriots,0.418,,,,,,,,,,,,,,,,,,,,,,,6-3,218,Right,,,
Kyle Shurmur,2019,,,Draft Finder,0.388,,,,,,,,,,,,,,,,,,,,,,,,,,,,
Keith Wenning,2014,6,194,Baltimore Ravens,0.387,,,,,,,,,,,,,,,,,,,,,,,6-3,218,,,,
Anthony Brown,2022,,,Undrafted,0.365,,22,100.0,,,,,,,,,,,,,,,,,,,,6-3,210,,,,
Max Duggan,2023,7,239,Los Angeles Chargers,0.362,,,,,,,,,,,,,,,,,,,,,,,6-1,207,,,,
Max McCaffrey,2012,6,201,New York Giants,0.349,,30,100.0,,,,,,,,,,,,,,,,,,,,6-5,309,,,,
Brandon Doughty,2016,7,223,Miami Dolphins,0.343,,,,,,,,,,,,,,,,,,,,,,,6-3,212,Right,,,
Spencer Rattler,2024,5,150,New Orleans Saints,0.336,,,,,,,,,,,,,,,,,,,,,,,6-0,211,,,,
Carson Strong,,,,Undrafted,0.332,,,,,,,,,,,,,,,,,,,,,,,6-3,226,,,,
Matt Blanchard,,,,Undrafted,0.295,,,,,,,,,,,,,,,,,,,,,,,6-3,225,Right,,,
Chase Garbers,2022,,,Undrafted,0.277,,,,,,,,,,,,,,,,,,,,,,,6-2,215,,,,
Connor Shaw,,,,Undrafted,0.27,,1,100.0,0,0.0,,,,,,,50.0,177.0,,6.3,,1,,,,,,6-0,206,Right,0-1-0,0,1
EJ Perry,2022,,,Undrafted,0.266,,,,,,,,,,,,,,,,,,,,,,,6-2,210,,,,
Jordan Travis,2024,5,171,New York Jets,0.254,,,,,,,,,,,,,,,,,,,,,,,6-1,200,,,,
Sam Hartman,2024,,,Undrafted,0.245,,,,,,,,,,,,,,,,,,,,,,,6-1,209,,,,
Tommy Stevens,2020,,,Undrafted,0.242,,,,,,,,,,,,,,,,,,,,,,,6-4,212,,,,
Jarrett Guarantano,2022,,,Undrafted,0.224,,,,,,,,,,,,,,,,,,,,,,,6-3,219,,,,
Mike Kafka,2010,4,122,Philadelphia Eagles,0.216,,4,100.0,0,,,,,,,,68.8,107.0,,6.7,,2,,,,,,6-3,216,Right,,,
Chase Litton,2018,,,Draft Finder,0.205,,,,,,,,,,,,,,,,,,,,,,,,,,,,
Adam Weber,2011,,,Undrafted,0.204,,,,,,,,,,,,,,,,,,,,,,,6-3,221,Right,,,
Chad Kanoff,2018,,,Undrafted,0.188,,,,,,,,,,,,,,,,,,,,,,,6-4,227,,,,
Joe Milton III,2024,6,193,New England Patriots,0.183,,,,,,,,,,,,,,,,,,,,,,,6-5,246,,,,
Brian Lewerke,2021,,,Undrafted,0.177,,,,,,,,,,,,,,,,,,,,,,,6-2,213,,,,
Jordan Ta'amu,2020,,,Draft Finder,0.163,,,,,,,,,,,,,,,,,,,,,,,,,,,,
J.T. Barrett,2018,,,Undrafted,0.162,,,,,,,,,,,,,,,,,,,,,,,6-2,225,,,,
Manny Wilkins,2019,,,Undrafted,0.143,,7,100.0,,,,,[],1,,,,,,,,,,,,,,6-0,191,,,,
B.J. Coleman,2012,7,243,Green Bay Packers,0.143,,,,,,,,,,,,,,,,,,,,,,,6-3,233,Right,,,
Devin Leary,2024,6,218,Baltimore Ravens,0.138,,,,,,,,,,,,,,,,,,,,,,,6-1,216,,,,
Trevor Knight,2017,,,Undrafted,0.125,,,,,,,,,,,,,,,,,,,,,,,6-1,219,,,,
Tanner Mordecai,2024,,,Undrafted,0.125,,,,,,,,,,,,,,,,,,,,,,,6-2,218,,,,
Carter Bradley,2024,,,Undrafted,0.125,,41,100.0,,,,,,,,,,,,,,,,,,,,6-4,301,,,,
Case Cookus,2022,,,Undrafted,0.116,,,,,,,,,,,,,,,,,,,,,,,6-4,205,,,,
Cole McDonald,2020,7,224,Tennessee Titans,0.102,,,,,,,,,,,,,,,,,,,,,,,6-3,215,,,,
Michael Pratt,2024,7,245,Green Bay Packers,0.087,,,,,,,,,,,,,,,,,,,,,,,6-2,217,,,,
Dylan Thompson,,,,Undrafted,0.086,,,,,,,,,,,,,,,,,,,,,,,6-3,218,,,,
Eric Dungey,,,,Undrafted,0.085,,,,,,,,,,,,,,,,,,,,,,,6-4,226,,,,
Drew Plitt,2023,,,Undrafted,0.084,,,,,,,,,,,,,,,,,,,,,,,6-2,217,,,,
Dresser Winn,2023,,,Undrafted,0.083,,,,,,,,,,,,,,,,,,,,,,,6-2,212,,,,
Tajh Boyd,2014,6,213,New York Jets,0.079,,,,,,,,,,,,,,,,,,,,,,,6-1,222,,,,
Jordan Rodgers,1973,1,25,San Diego Chargers,0.077,,17,100.0,,,,,,,,,,,,,,,,,,,,5-10,180,,,,
Sefo Liufau,,,,Undrafted,0.071,,,,,,,,,,,,,,,,,,,,,,,6-3,232,,,,
Nick Fitzgerald,,,,Draft Finder,0.07,,,,,,,,,,,,,,,,,,,,,,,,,,,,
Davis Cheek,2022,,,Undrafted,0.065,,,,,,,,,,,,,,,,,,,,,,,6-3,217,,,,
Jerod Evans,1991,8,204,Phoenix Cardinals,0.065,,43,100.0,,,,,,,,,,,,,,,,,,,,6-4,250,,,,
Ryan Willis,2011,2,38,Arizona Cardinals,0.064,,5,100.0,,,,,,,,,,,,,,,,,,,,5-10,205,,,,
Drew Anderson,2019,,,Undrafted,0.06,,,,,,,,,,,,,,,,,,,,,,,6-2,190,,,,
Jack Coan,,,,Undrafted,0.06,,,,,,,,,,,,,,,,,,,,,,,6-3,220,,,,
Adrian Martinez,2024,,,Undrafted,0.06,,,,,,,,,,,,,,,,,,,,,,,6-2,220,,,,
Jeff Tuel,,,,Undrafted,0.059,,2,100.0,1,0.0,,,,,,,44.1,309.0,1,5.2,,3,,,,,,6-3,218,Right,0-1-0,0,1
Tyler Ferguson,,,,Undrafted,0.055,,,,,,,,,,,,,,,,,,,,,,,6-2,224,,,,
Seth Lobato,,,,Undrafted,0.053,,,,,,,,,,,,,,,,,,,,,,,6-6,223,,,,
Austin Allen,,,,Undrafted,0.05,,,,,,,,,,,,,,,,,,,,,,,6-9,255,,,,
Tanner Morgan,,,,Undrafted,0.049,,,,,,,,,,,,,,,,,,,,,,,6-2,215,,,,
Kenji Bahar,,,,Undrafted,0.046,,,,,,,,,,,,,,,,,,,,,,,6-3,200,,,,
Alek Torgersen,2017,,,Undrafted,0.041,,,,,,,,,,,,,,,,,,,,,,,6-2,229,,,,
Anthony Gordon,2021,,,Draft Finder,0.04,,,,,,,,,,,,,,,,,,,,,,,,,,,,
McLeod Bethel-Thompson,,,,Undrafted,0.038,,,,,,,,,,,,,,,,,,,,,,,6-4,230,Right,,,
Dominique Davis,1962,6,74,Dallas Cowboys,0.038,,25,100.0,,,,,,,,,,,,,,,,,,,,6-3,225,,,,
Holton Ahlers,,,,Undrafted,0.037,,,,,,,,,,,,,,,,,,,,,,,6-3,227,,,,
Lance Ball,,,,Undrafted,0.036,,42,100.0,,,,,,,,,,,,,,,,,,,,5-9,223,,,,
Pat Devlin,2015,,,Undrafted,0.034,,,,,,,,,,,,,,,,,,,,,,,6-3,225,Right,,,
Caleb Hanie,,,,Undrafted,0.033,,10,100.0,2,0.0,,,,,,,50.9,679.0,3,5.9,,10,,,,,,6-2,236,Right,0-4-0,0,4
Dennis Dixon,2008,5,156,Pittsburgh Steelers,0.031,,4,100.0,2,66.67,,,[],1,,,59.3,402.0,1,6.8,,2,,,,,,6-3,195,Right,2-1-0,2,1
Kedon Slovis,2024,,,Undrafted,0.03,,,,,,,,,,,,,,,,,,,,,,,6-2,223,,,,
Dustin Vaughan,,,,Undrafted,0.026,,,,,,,,,,,,,,,,,,,,,,,6-5,220,,,,
Rusty Smith,,5,40,San Diego Chargers,0.024,,52,100.0,,,,,,,,,,,,,,,,,,,,6-0,212,,,,
Jason Bean,2024,,,Undrafted,0.02,,,,,,,,,,,,,,,,,,,,,,,6-2,196,,,,
Josh Love,1967,7,172,Washington Redskins,0.019,,18,100.0,,,,,,,,,,,,,,,,,,,,5-11,185,,,,
Jeff Mathews,2005,4,114,Houston Texans,0.019,,17,100.0,,,,,"['1x Pro Bowl', '1x All-Pro']",0,,,,,,,,,,,,,,6-0,195,,,,
Taryn Christion,,,,Undrafted,0.018,,,,,,,,,,,,,,,,,,,,,,,6-2,225,,,,
Kevin Davidson,1986,2,41,Green Bay Packers,0.018,,131,100.0,,,,,,,,,,,,,,,,,,,,5-10,208,,,,
Levi Lewis,,,,Undrafted,0.015,,143,100.0,,,,,,,,,,,,,,,,,,,,5-8,170,,,,
G.J. Kinne,,,,Undrafted,0.013,,,,,,,,,,,,,,,,,,,,,,,6-2,218,,,,
Cody Fajardo,,,,Undrafted,0.012,,,,,,,,,,,,,,,,,,,,,,,6-2,222,,,,
Jerrod Johnson,2003,4,118,Cincinnati Bengals,0.012,,96,100.0,,,,,,,,,,,,,,,,,,,,5-11,275,,,,
Jack Plummer,1997,2,42,Arizona Cardinals,0.01,,143,100.0,92,50.74,,,['1x Pro Bowl'],0,,,57.1,29253.0,161,6.7,,161,,,,,,6-2,212,Right,69-67-0,69,67
Bryan Bennett,,,,Undrafted,0.01,,82,100.0,,,,,,,,,,,,,,,,,,,,5-11,220,,,,
Connor Halliday,,,,Undrafted,0.008,,,,,,,,,,,,,,,,,,,,,,,6-4,198,,,,
Keith Price,,,,Undrafted,0.007,,,,,,,,,,,,,,,,,,,,,,,6-1,196,,,,
Jalen Morton,,,,Undrafted,0.007,,,,,,,,,,,,,,,,,,,,,,,6-4,226,,,,
Brandon Peters,,,,Undrafted,0.007,,51,100.0,,,,,,,,,,,,,,,,,,,,6-4,237,,,,
Gavin Hardison,,,,Undrafted,0.005,,,,,,,,,,,,,,,,,,,,,,,6-3,215,,,,
Austin Reed,2024,,,Undrafted,0.005,,,,,,,,,,,,,,,,,,,,,,,6-1,220,,,,
Matt Johnson,1999,5,166,Pittsburgh Steelers,0.005,,11,100.0,,,,,,,,,,,,,,,,,,,,6-5,215,,,,
Jake Coker,,,,Undrafted,0.005,,,,,,,,,,,,,,,,,,,,,,,6-6,236,,,,
Cole Kelley,,,,Undrafted,0.005,,,,,,,,,,,,,,,,,,,,,,,6-5,298,,,,
Eli Jenkins,2019,2,44,Green Bay Packers,0.005,,5,100.0,,,,,['2x Pro Bowl'],0,,,,,,,,,,,,,,6-5,311,,,,
Wes Lunt,,,,Undrafted,0.005,,,,,,,,,,,,,,,,,,,,,,,6-4,222,,,,
Chase Rettig,,,,Undrafted,0.004,,,,,,,,,,,,,,,,,,,,,,,6-2,215,,,,
Zach Terrell,,,,Undrafted,0.003,,,,,,,,,,,,,,,,,,,,,,,6-1,212,,,,
Anthony Boone,,,,Undrafted,0.003,,,,,,,,,,,,,,,,,,,,,,,6-1,238,,,,
Brett Smith,1985,1,1,Buffalo Bills,0.003,,279,100.0,,,,1980,"['11x Pro Bowl', '8x All-Pro']",0,,,,,,,,,,,,,,6-4,262,,,,
Jake Waters,,,,Undrafted,0.002,,,,,,,,,,,,,,,,,,,,,,,6-1,204,,,,
Skyler Howard,,,,Undrafted,0.002,,,,,,,,,,,,,,,,,,,,,,,5-11,207,,,,
James Franklin,,,,Undrafted,0.002,,10,100.0,,,,,,,,,,,,,,,,,,,,6-1,210,,,,
Cole Stoudt,,,,Undrafted,0.002,,,,,,,,,,,,,,,,,,,,,,,6-4,218,,,,
Austin Appleby,,,,Undrafted,0.002,,,,,,,,,,,,,,,,,,,,,,,6-4,230,,,,
Brogan Roback,,,,Undrafted,0.001,,,,,,,,,,,,,,,,,,,,,,,6-3,215,,,,
Nick Stevens,,,,Undrafted,0.0,,,,,,,,,,,,,,,,,,,,,,,6-3,200,,,,
